index,node,epoch,layer,weight,bias,target
0,0,0,0,0.09712279,0,0
1,0,0,0,0.30398062,0,1
2,0,0,0,-0.019336283,0,2
3,0,0,0,-0.11842175,0,3
4,0,0,0,0.081871904,0,4
5,0,0,0,0.06044158,0,5
6,0,0,0,-0.33065185,0,6
7,0,0,0,0.06608153,0,7
8,1,0,0,-0.94026625,0,0
9,1,0,0,0.06557054,0,1
10,1,0,0,0.34927356,0,2
11,1,0,0,0.5200964,0,3
12,1,0,0,-0.48863178,0,4
13,1,0,0,1.024582,0,5
14,1,0,0,-0.15223841,0,6
15,1,0,0,-1.1523799,0,7
16,2,0,0,0.077125385,0,0
17,2,0,0,0.28274143,0,1
18,2,0,0,0.12777215,0,2
19,2,0,0,0.38946468,0,3
20,2,0,0,0.004779039,0,4
21,2,0,0,1.0815016,0,5
22,2,0,0,-0.19028476,0,6
23,2,0,0,-2.554954,0,7
24,3,0,0,0.10734848,0,0
25,3,0,0,0.11549203,0,1
26,3,0,0,0.10329473,0,2
27,3,0,0,1.0240624,0,3
28,3,0,0,-0.5672732,0,4
29,3,0,0,1.6318666,0,5
30,3,0,0,-0.16212957,0,6
31,3,0,0,-2.0446203,0,7
32,4,0,0,0.237913,0,0
33,4,0,0,-0.01735936,0,1
34,4,0,0,-0.10874805,0,2
35,4,0,0,0.35199556,0,3
36,4,0,0,0.3950725,0,4
37,4,0,0,0.72132164,0,5
38,4,0,0,0.1813692,0,6
39,4,0,0,0.041775562,0,7
40,5,0,0,0.22058554,0,0
41,5,0,0,-0.47420317,0,1
42,5,0,0,0.37036324,0,2
43,5,0,0,0.5569812,0,3
44,5,0,0,-0.28388658,0,4
45,5,0,0,0.10222196,0,5
46,5,0,0,0.27558345,0,6
47,5,0,0,0.7843042,0,7
48,6,0,0,-0.55026275,0,0
49,6,0,0,-0.47386748,0,1
50,6,0,0,0.28664833,0,2
51,6,0,0,-0.64888686,0,3
52,6,0,0,-0.47271365,0,4
53,6,0,0,-0.01394821,0,5
54,6,0,0,-0.023266561,0,6
55,6,0,0,-9.013375e-05,0,7
56,7,0,0,0.0012711383,0,0
57,7,0,0,-0.23751685,0,1
58,7,0,0,0.20460564,0,2
59,7,0,0,-0.2691108,0,3
60,7,0,0,-0.2591178,0,4
61,7,0,0,0.6985517,0,5
62,7,0,0,0.33512336,0,6
63,7,0,0,-7.456462,0,7
64,8,0,0,-0.3461187,0,0
65,8,0,0,-0.5249716,0,1
66,8,0,0,0.18420994,0,2
67,8,0,0,0.32486165,0,3
68,8,0,0,-0.20569597,0,4
69,8,0,0,-0.15881258,0,5
70,8,0,0,0.14908545,0,6
71,8,0,0,-0.18000054,0,7
72,9,0,0,-0.110106625,0,0
73,9,0,0,-0.42652774,0,1
74,9,0,0,-0.35753667,0,2
75,9,0,0,0.6010383,0,3
76,9,0,0,-0.5347287,0,4
77,9,0,0,0.8032352,0,5
78,9,0,0,-0.21559413,0,6
79,9,0,0,-0.36047807,0,7
80,10,0,0,0.034512304,0,0
81,10,0,0,0.11445608,0,1
82,10,0,0,-0.32200897,0,2
83,10,0,0,0.020053862,0,3
84,10,0,0,-0.3249456,0,4
85,10,0,0,0.577563,0,5
86,10,0,0,0.27673325,0,6
87,10,0,0,-0.12867087,0,7
88,11,0,0,-0.10732027,0,0
89,11,0,0,0.038389336,0,1
90,11,0,0,-0.32405108,0,2
91,11,0,0,-0.11597084,0,3
92,11,0,0,-0.07764577,0,4
93,11,0,0,-0.26395115,0,5
94,11,0,0,0.2911727,0,6
95,11,0,0,0.036542572,0,7
96,12,0,0,-0.21460044,0,0
97,12,0,0,-0.55627376,0,1
98,12,0,0,-0.17385495,0,2
99,12,0,0,0.027697524,0,3
100,12,0,0,-0.17954163,0,4
101,12,0,0,-0.33542547,0,5
102,12,0,0,-0.14123914,0,6
103,12,0,0,0.030546637,0,7
104,13,0,0,-0.28691545,0,0
105,13,0,0,-0.5782141,0,1
106,13,0,0,-0.15609634,0,2
107,13,0,0,-0.14789242,0,3
108,13,0,0,-0.22557653,0,4
109,13,0,0,-0.6201837,0,5
110,13,0,0,-0.13550179,0,6
111,13,0,0,0.10306177,0,7
112,14,0,0,-0.6307642,0,0
113,14,0,0,-0.01573,0,1
114,14,0,0,0.30945945,0,2
115,14,0,0,-0.11392837,0,3
116,14,0,0,-0.1722097,0,4
117,14,0,0,0.118740484,0,5
118,14,0,0,-0.077967614,0,6
119,14,0,0,-0.44077557,0,7
120,15,0,0,-0.40024292,0,0
121,15,0,0,-0.26167923,0,1
122,15,0,0,-0.007395327,0,2
123,15,0,0,0.24194145,0,3
124,15,0,0,0.032217585,0,4
125,15,0,0,0.582706,0,5
126,15,0,0,-0.309789,0,6
127,15,0,0,0.1721221,0,7
128,16,0,0,-0.18824828,0,0
129,16,0,0,-0.0815367,0,1
130,16,0,0,-0.13984224,0,2
131,16,0,0,0.5079106,0,3
132,16,0,0,-0.64370143,0,4
133,16,0,0,0.47304595,0,5
134,16,0,0,0.31484902,0,6
135,16,0,0,-0.23577875,0,7
136,17,0,0,-0.25451317,0,0
137,17,0,0,0.1494977,0,1
138,17,0,0,-0.13966599,0,2
139,17,0,0,0.48726815,0,3
140,17,0,0,-0.48291448,0,4
141,17,0,0,0.8974767,0,5
142,17,0,0,0.41250724,0,6
143,17,0,0,-2.83335,0,7
144,18,0,0,-0.41586244,0,0
145,18,0,0,-0.12146983,0,1
146,18,0,0,-0.23547645,0,2
147,18,0,0,0.944566,0,3
148,18,0,0,-0.6551645,0,4
149,18,0,0,0.56947756,0,5
150,18,0,0,0.028748516,0,6
151,18,0,0,-3.2945728,0,7
152,19,0,0,0.78795666,0,0
153,19,0,0,0.15122305,0,1
154,19,0,0,0.25582987,0,2
155,19,0,0,0.1807974,0,3
156,19,0,0,-0.613223,0,4
157,19,0,0,1.1423181,0,5
158,19,0,0,0.11413826,0,6
159,19,0,0,-4.856528,0,7
160,0,1,0,0.09712279,0,0
161,0,1,0,0.30398062,0,1
162,0,1,0,-0.019336283,0,2
163,0,1,0,-0.11842175,0,3
164,0,1,0,0.081871904,0,4
165,0,1,0,0.06044158,0,5
166,0,1,0,-0.33065185,0,6
167,0,1,0,0.06244886,0,7
168,1,1,0,-0.94026625,0,0
169,1,1,0,0.06557054,0,1
170,1,1,0,0.34927356,0,2
171,1,1,0,0.5200964,0,3
172,1,1,0,-0.48863178,0,4
173,1,1,0,1.024582,0,5
174,1,1,0,-0.15223841,0,6
175,1,1,0,-1.2044904,0,7
176,2,1,0,0.077125385,0,0
177,2,1,0,0.28274143,0,1
178,2,1,0,0.12777215,0,2
179,2,1,0,0.38946468,0,3
180,2,1,0,0.004779039,0,4
181,2,1,0,1.0815016,0,5
182,2,1,0,-0.19028476,0,6
183,2,1,0,-2.4795105,0,7
184,3,1,0,0.10734848,0,0
185,3,1,0,0.11549203,0,1
186,3,1,0,0.10329473,0,2
187,3,1,0,1.0240624,0,3
188,3,1,0,-0.5672732,0,4
189,3,1,0,1.6318666,0,5
190,3,1,0,-0.16212957,0,6
191,3,1,0,-1.9969393,0,7
192,4,1,0,0.237913,0,0
193,4,1,0,-0.01735936,0,1
194,4,1,0,-0.10874805,0,2
195,4,1,0,0.35199556,0,3
196,4,1,0,0.3950725,0,4
197,4,1,0,0.72132164,0,5
198,4,1,0,0.1813692,0,6
199,4,1,0,0.07091094,0,7
200,5,1,0,0.22058554,0,0
201,5,1,0,-0.47420317,0,1
202,5,1,0,0.37036324,0,2
203,5,1,0,0.5569812,0,3
204,5,1,0,-0.28388658,0,4
205,5,1,0,0.10222196,0,5
206,5,1,0,0.27558345,0,6
207,5,1,0,0.81207114,0,7
208,6,1,0,-0.55026275,0,0
209,6,1,0,-0.47386748,0,1
210,6,1,0,0.28664833,0,2
211,6,1,0,-0.64888686,0,3
212,6,1,0,-0.47271365,0,4
213,6,1,0,-0.01394821,0,5
214,6,1,0,-0.023266561,0,6
215,6,1,0,-0.0072187283,0,7
216,7,1,0,0.0012711383,0,0
217,7,1,0,-0.23751685,0,1
218,7,1,0,0.20460564,0,2
219,7,1,0,-0.2691108,0,3
220,7,1,0,-0.2591178,0,4
221,7,1,0,0.6985517,0,5
222,7,1,0,0.33512336,0,6
223,7,1,0,-7.396992,0,7
224,8,1,0,-0.3461187,0,0
225,8,1,0,-0.5249716,0,1
226,8,1,0,0.18420994,0,2
227,8,1,0,0.32486165,0,3
228,8,1,0,-0.20569597,0,4
229,8,1,0,-0.15881258,0,5
230,8,1,0,0.14908545,0,6
231,8,1,0,-0.16914569,0,7
232,9,1,0,-0.110106625,0,0
233,9,1,0,-0.42652774,0,1
234,9,1,0,-0.35753667,0,2
235,9,1,0,0.6010383,0,3
236,9,1,0,-0.5347287,0,4
237,9,1,0,0.8032352,0,5
238,9,1,0,-0.21559413,0,6
239,9,1,0,-0.31627965,0,7
240,10,1,0,0.034512304,0,0
241,10,1,0,0.11445608,0,1
242,10,1,0,-0.32200897,0,2
243,10,1,0,0.020053862,0,3
244,10,1,0,-0.3249456,0,4
245,10,1,0,0.577563,0,5
246,10,1,0,0.27673325,0,6
247,10,1,0,-0.101960704,0,7
248,11,1,0,-0.10732027,0,0
249,11,1,0,0.038389336,0,1
250,11,1,0,-0.32405108,0,2
251,11,1,0,-0.11597084,0,3
252,11,1,0,-0.07764577,0,4
253,11,1,0,-0.26395115,0,5
254,11,1,0,0.2911727,0,6
255,11,1,0,0.036995783,0,7
256,12,1,0,-0.21460044,0,0
257,12,1,0,-0.55627376,0,1
258,12,1,0,-0.17385495,0,2
259,12,1,0,0.027697524,0,3
260,12,1,0,-0.17954163,0,4
261,12,1,0,-0.33542547,0,5
262,12,1,0,-0.14123914,0,6
263,12,1,0,0.032228414,0,7
264,13,1,0,-0.28691545,0,0
265,13,1,0,-0.5782141,0,1
266,13,1,0,-0.15609634,0,2
267,13,1,0,-0.14789242,0,3
268,13,1,0,-0.22557653,0,4
269,13,1,0,-0.6201837,0,5
270,13,1,0,-0.13550179,0,6
271,13,1,0,0.10190208,0,7
272,14,1,0,-0.6307642,0,0
273,14,1,0,-0.01573,0,1
274,14,1,0,0.30945945,0,2
275,14,1,0,-0.11392837,0,3
276,14,1,0,-0.1722097,0,4
277,14,1,0,0.118740484,0,5
278,14,1,0,-0.077967614,0,6
279,14,1,0,-0.41348353,0,7
280,15,1,0,-0.40024292,0,0
281,15,1,0,-0.26167923,0,1
282,15,1,0,-0.007395327,0,2
283,15,1,0,0.24194145,0,3
284,15,1,0,0.032217585,0,4
285,15,1,0,0.582706,0,5
286,15,1,0,-0.309789,0,6
287,15,1,0,0.16824418,0,7
288,16,1,0,-0.18824828,0,0
289,16,1,0,-0.0815367,0,1
290,16,1,0,-0.13984224,0,2
291,16,1,0,0.5079106,0,3
292,16,1,0,-0.64370143,0,4
293,16,1,0,0.47304595,0,5
294,16,1,0,0.31484902,0,6
295,16,1,0,-0.21156089,0,7
296,17,1,0,-0.25451317,0,0
297,17,1,0,0.1494977,0,1
298,17,1,0,-0.13966599,0,2
299,17,1,0,0.48726815,0,3
300,17,1,0,-0.48291448,0,4
301,17,1,0,0.8974767,0,5
302,17,1,0,0.41250724,0,6
303,17,1,0,-2.778295,0,7
304,18,1,0,-0.41586244,0,0
305,18,1,0,-0.12146983,0,1
306,18,1,0,-0.23547645,0,2
307,18,1,0,0.944566,0,3
308,18,1,0,-0.6551645,0,4
309,18,1,0,0.56947756,0,5
310,18,1,0,0.028748516,0,6
311,18,1,0,-3.145527,0,7
312,19,1,0,0.78795666,0,0
313,19,1,0,0.15122305,0,1
314,19,1,0,0.25582987,0,2
315,19,1,0,0.1807974,0,3
316,19,1,0,-0.613223,0,4
317,19,1,0,1.1423181,0,5
318,19,1,0,0.11413826,0,6
319,19,1,0,-4.7995257,0,7
320,0,2,0,0.09712279,0,0
321,0,2,0,0.30398062,0,1
322,0,2,0,-0.019336283,0,2
323,0,2,0,-0.11842175,0,3
324,0,2,0,0.081871904,0,4
325,0,2,0,0.06044158,0,5
326,0,2,0,-0.33065185,0,6
327,0,2,0,0.061859515,0,7
328,1,2,0,-0.94026625,0,0
329,1,2,0,0.06557054,0,1
330,1,2,0,0.34927356,0,2
331,1,2,0,0.5200964,0,3
332,1,2,0,-0.48863178,0,4
333,1,2,0,1.024582,0,5
334,1,2,0,-0.15223841,0,6
335,1,2,0,-1.20126,0,7
336,2,2,0,0.077125385,0,0
337,2,2,0,0.28274143,0,1
338,2,2,0,0.12777215,0,2
339,2,2,0,0.38946468,0,3
340,2,2,0,0.004779039,0,4
341,2,2,0,1.0815016,0,5
342,2,2,0,-0.19028476,0,6
343,2,2,0,-2.4030387,0,7
344,3,2,0,0.10734848,0,0
345,3,2,0,0.11549203,0,1
346,3,2,0,0.10329473,0,2
347,3,2,0,1.0240624,0,3
348,3,2,0,-0.5672732,0,4
349,3,2,0,1.6318666,0,5
350,3,2,0,-0.16212957,0,6
351,3,2,0,-1.9109236,0,7
352,4,2,0,0.237913,0,0
353,4,2,0,-0.01735936,0,1
354,4,2,0,-0.10874805,0,2
355,4,2,0,0.35199556,0,3
356,4,2,0,0.3950725,0,4
357,4,2,0,0.72132164,0,5
358,4,2,0,0.1813692,0,6
359,4,2,0,0.06592472,0,7
360,5,2,0,0.22058554,0,0
361,5,2,0,-0.47420317,0,1
362,5,2,0,0.37036324,0,2
363,5,2,0,0.5569812,0,3
364,5,2,0,-0.28388658,0,4
365,5,2,0,0.10222196,0,5
366,5,2,0,0.27558345,0,6
367,5,2,0,0.9053651,0,7
368,6,2,0,-0.55026275,0,0
369,6,2,0,-0.47386748,0,1
370,6,2,0,0.28664833,0,2
371,6,2,0,-0.64888686,0,3
372,6,2,0,-0.47271365,0,4
373,6,2,0,-0.01394821,0,5
374,6,2,0,-0.023266561,0,6
375,6,2,0,0.025274731,0,7
376,7,2,0,0.0012711383,0,0
377,7,2,0,-0.23751685,0,1
378,7,2,0,0.20460564,0,2
379,7,2,0,-0.2691108,0,3
380,7,2,0,-0.2591178,0,4
381,7,2,0,0.6985517,0,5
382,7,2,0,0.33512336,0,6
383,7,2,0,-7.3383093,0,7
384,8,2,0,-0.3461187,0,0
385,8,2,0,-0.5249716,0,1
386,8,2,0,0.18420994,0,2
387,8,2,0,0.32486165,0,3
388,8,2,0,-0.20569597,0,4
389,8,2,0,-0.15881258,0,5
390,8,2,0,0.14908545,0,6
391,8,2,0,-0.1842126,0,7
392,9,2,0,-0.110106625,0,0
393,9,2,0,-0.42652774,0,1
394,9,2,0,-0.35753667,0,2
395,9,2,0,0.6010383,0,3
396,9,2,0,-0.5347287,0,4
397,9,2,0,0.8032352,0,5
398,9,2,0,-0.21559413,0,6
399,9,2,0,-0.24447943,0,7
400,10,2,0,0.034512304,0,0
401,10,2,0,0.11445608,0,1
402,10,2,0,-0.32200897,0,2
403,10,2,0,0.020053862,0,3
404,10,2,0,-0.3249456,0,4
405,10,2,0,0.577563,0,5
406,10,2,0,0.27673325,0,6
407,10,2,0,-0.13848479,0,7
408,11,2,0,-0.10732027,0,0
409,11,2,0,0.038389336,0,1
410,11,2,0,-0.32405108,0,2
411,11,2,0,-0.11597084,0,3
412,11,2,0,-0.07764577,0,4
413,11,2,0,-0.26395115,0,5
414,11,2,0,0.2911727,0,6
415,11,2,0,0.037491456,0,7
416,12,2,0,-0.21460044,0,0
417,12,2,0,-0.55627376,0,1
418,12,2,0,-0.17385495,0,2
419,12,2,0,0.027697524,0,3
420,12,2,0,-0.17954163,0,4
421,12,2,0,-0.33542547,0,5
422,12,2,0,-0.14123914,0,6
423,12,2,0,0.027297456,0,7
424,13,2,0,-0.28691545,0,0
425,13,2,0,-0.5782141,0,1
426,13,2,0,-0.15609634,0,2
427,13,2,0,-0.14789242,0,3
428,13,2,0,-0.22557653,0,4
429,13,2,0,-0.6201837,0,5
430,13,2,0,-0.13550179,0,6
431,13,2,0,0.10174572,0,7
432,14,2,0,-0.6307642,0,0
433,14,2,0,-0.01573,0,1
434,14,2,0,0.30945945,0,2
435,14,2,0,-0.11392837,0,3
436,14,2,0,-0.1722097,0,4
437,14,2,0,0.118740484,0,5
438,14,2,0,-0.077967614,0,6
439,14,2,0,-0.40066174,0,7
440,15,2,0,-0.40024292,0,0
441,15,2,0,-0.26167923,0,1
442,15,2,0,-0.007395327,0,2
443,15,2,0,0.24194145,0,3
444,15,2,0,0.032217585,0,4
445,15,2,0,0.582706,0,5
446,15,2,0,-0.309789,0,6
447,15,2,0,0.16803059,0,7
448,16,2,0,-0.18824828,0,0
449,16,2,0,-0.0815367,0,1
450,16,2,0,-0.13984224,0,2
451,16,2,0,0.5079106,0,3
452,16,2,0,-0.64370143,0,4
453,16,2,0,0.47304595,0,5
454,16,2,0,0.31484902,0,6
455,16,2,0,-0.2248896,0,7
456,17,2,0,-0.25451317,0,0
457,17,2,0,0.1494977,0,1
458,17,2,0,-0.13966599,0,2
459,17,2,0,0.48726815,0,3
460,17,2,0,-0.48291448,0,4
461,17,2,0,0.8974767,0,5
462,17,2,0,0.41250724,0,6
463,17,2,0,-2.6785614,0,7
464,18,2,0,-0.41586244,0,0
465,18,2,0,-0.12146983,0,1
466,18,2,0,-0.23547645,0,2
467,18,2,0,0.944566,0,3
468,18,2,0,-0.6551645,0,4
469,18,2,0,0.56947756,0,5
470,18,2,0,0.028748516,0,6
471,18,2,0,-3.1212592,0,7
472,19,2,0,0.78795666,0,0
473,19,2,0,0.15122305,0,1
474,19,2,0,0.25582987,0,2
475,19,2,0,0.1807974,0,3
476,19,2,0,-0.613223,0,4
477,19,2,0,1.1423181,0,5
478,19,2,0,0.11413826,0,6
479,19,2,0,-4.7325115,0,7
480,0,3,0,0.09712279,0,0
481,0,3,0,0.30398062,0,1
482,0,3,0,-0.019336283,0,2
483,0,3,0,-0.11842175,0,3
484,0,3,0,0.081871904,0,4
485,0,3,0,0.06044158,0,5
486,0,3,0,-0.33065185,0,6
487,0,3,0,0.05880675,0,7
488,1,3,0,-0.94026625,0,0
489,1,3,0,0.06557054,0,1
490,1,3,0,0.34927356,0,2
491,1,3,0,0.5200964,0,3
492,1,3,0,-0.48863178,0,4
493,1,3,0,1.024582,0,5
494,1,3,0,-0.15223841,0,6
495,1,3,0,-1.1735988,0,7
496,2,3,0,0.077125385,0,0
497,2,3,0,0.28274143,0,1
498,2,3,0,0.12777215,0,2
499,2,3,0,0.38946468,0,3
500,2,3,0,0.004779039,0,4
501,2,3,0,1.0815016,0,5
502,2,3,0,-0.19028476,0,6
503,2,3,0,-2.2955515,0,7
504,3,3,0,0.10734848,0,0
505,3,3,0,0.11549203,0,1
506,3,3,0,0.10329473,0,2
507,3,3,0,1.0240624,0,3
508,3,3,0,-0.5672732,0,4
509,3,3,0,1.6318666,0,5
510,3,3,0,-0.16212957,0,6
511,3,3,0,-1.8441038,0,7
512,4,3,0,0.237913,0,0
513,4,3,0,-0.01735936,0,1
514,4,3,0,-0.10874805,0,2
515,4,3,0,0.35199556,0,3
516,4,3,0,0.3950725,0,4
517,4,3,0,0.72132164,0,5
518,4,3,0,0.1813692,0,6
519,4,3,0,0.063194305,0,7
520,5,3,0,0.22058554,0,0
521,5,3,0,-0.47420317,0,1
522,5,3,0,0.37036324,0,2
523,5,3,0,0.5569812,0,3
524,5,3,0,-0.28388658,0,4
525,5,3,0,0.10222196,0,5
526,5,3,0,0.27558345,0,6
527,5,3,0,0.9045291,0,7
528,6,3,0,-0.55026275,0,0
529,6,3,0,-0.47386748,0,1
530,6,3,0,0.28664833,0,2
531,6,3,0,-0.64888686,0,3
532,6,3,0,-0.47271365,0,4
533,6,3,0,-0.01394821,0,5
534,6,3,0,-0.023266561,0,6
535,6,3,0,0.0434996,0,7
536,7,3,0,0.0012711383,0,0
537,7,3,0,-0.23751685,0,1
538,7,3,0,0.20460564,0,2
539,7,3,0,-0.2691108,0,3
540,7,3,0,-0.2591178,0,4
541,7,3,0,0.6985517,0,5
542,7,3,0,0.33512336,0,6
543,7,3,0,-7.216151,0,7
544,8,3,0,-0.3461187,0,0
545,8,3,0,-0.5249716,0,1
546,8,3,0,0.18420994,0,2
547,8,3,0,0.32486165,0,3
548,8,3,0,-0.20569597,0,4
549,8,3,0,-0.15881258,0,5
550,8,3,0,0.14908545,0,6
551,8,3,0,-0.17100415,0,7
552,9,3,0,-0.110106625,0,0
553,9,3,0,-0.42652774,0,1
554,9,3,0,-0.35753667,0,2
555,9,3,0,0.6010383,0,3
556,9,3,0,-0.5347287,0,4
557,9,3,0,0.8032352,0,5
558,9,3,0,-0.21559413,0,6
559,9,3,0,-0.20822172,0,7
560,10,3,0,0.034512304,0,0
561,10,3,0,0.11445608,0,1
562,10,3,0,-0.32200897,0,2
563,10,3,0,0.020053862,0,3
564,10,3,0,-0.3249456,0,4
565,10,3,0,0.577563,0,5
566,10,3,0,0.27673325,0,6
567,10,3,0,-0.09355706,0,7
568,11,3,0,-0.10732027,0,0
569,11,3,0,0.038389336,0,1
570,11,3,0,-0.32405108,0,2
571,11,3,0,-0.11597084,0,3
572,11,3,0,-0.07764577,0,4
573,11,3,0,-0.26395115,0,5
574,11,3,0,0.2911727,0,6
575,11,3,0,0.038069867,0,7
576,12,3,0,-0.21460044,0,0
577,12,3,0,-0.55627376,0,1
578,12,3,0,-0.17385495,0,2
579,12,3,0,0.027697524,0,3
580,12,3,0,-0.17954163,0,4
581,12,3,0,-0.33542547,0,5
582,12,3,0,-0.14123914,0,6
583,12,3,0,0.027950583,0,7
584,13,3,0,-0.28691545,0,0
585,13,3,0,-0.5782141,0,1
586,13,3,0,-0.15609634,0,2
587,13,3,0,-0.14789242,0,3
588,13,3,0,-0.22557653,0,4
589,13,3,0,-0.6201837,0,5
590,13,3,0,-0.13550179,0,6
591,13,3,0,0.10814152,0,7
592,14,3,0,-0.6307642,0,0
593,14,3,0,-0.01573,0,1
594,14,3,0,0.30945945,0,2
595,14,3,0,-0.11392837,0,3
596,14,3,0,-0.1722097,0,4
597,14,3,0,0.118740484,0,5
598,14,3,0,-0.077967614,0,6
599,14,3,0,-0.35249335,0,7
600,15,3,0,-0.40024292,0,0
601,15,3,0,-0.26167923,0,1
602,15,3,0,-0.007395327,0,2
603,15,3,0,0.24194145,0,3
604,15,3,0,0.032217585,0,4
605,15,3,0,0.582706,0,5
606,15,3,0,-0.309789,0,6
607,15,3,0,0.17230524,0,7
608,16,3,0,-0.18824828,0,0
609,16,3,0,-0.0815367,0,1
610,16,3,0,-0.13984224,0,2
611,16,3,0,0.5079106,0,3
612,16,3,0,-0.64370143,0,4
613,16,3,0,0.47304595,0,5
614,16,3,0,0.31484902,0,6
615,16,3,0,-0.20245838,0,7
616,17,3,0,-0.25451317,0,0
617,17,3,0,0.1494977,0,1
618,17,3,0,-0.13966599,0,2
619,17,3,0,0.48726815,0,3
620,17,3,0,-0.48291448,0,4
621,17,3,0,0.8974767,0,5
622,17,3,0,0.41250724,0,6
623,17,3,0,-2.6355596,0,7
624,18,3,0,-0.41586244,0,0
625,18,3,0,-0.12146983,0,1
626,18,3,0,-0.23547645,0,2
627,18,3,0,0.944566,0,3
628,18,3,0,-0.6551645,0,4
629,18,3,0,0.56947756,0,5
630,18,3,0,0.028748516,0,6
631,18,3,0,-3.0545707,0,7
632,19,3,0,0.78795666,0,0
633,19,3,0,0.15122305,0,1
634,19,3,0,0.25582987,0,2
635,19,3,0,0.1807974,0,3
636,19,3,0,-0.613223,0,4
637,19,3,0,1.1423181,0,5
638,19,3,0,0.11413826,0,6
639,19,3,0,-4.7306004,0,7
640,0,4,0,0.09712279,0,0
641,0,4,0,0.30398062,0,1
642,0,4,0,-0.019336283,0,2
643,0,4,0,-0.11842175,0,3
644,0,4,0,0.081871904,0,4
645,0,4,0,0.06044158,0,5
646,0,4,0,-0.33065185,0,6
647,0,4,0,0.06001117,0,7
648,1,4,0,-0.94026625,0,0
649,1,4,0,0.06557054,0,1
650,1,4,0,0.34927356,0,2
651,1,4,0,0.5200964,0,3
652,1,4,0,-0.48863178,0,4
653,1,4,0,1.024582,0,5
654,1,4,0,-0.15223841,0,6
655,1,4,0,-1.1779761,0,7
656,2,4,0,0.077125385,0,0
657,2,4,0,0.28274143,0,1
658,2,4,0,0.12777215,0,2
659,2,4,0,0.38946468,0,3
660,2,4,0,0.004779039,0,4
661,2,4,0,1.0815016,0,5
662,2,4,0,-0.19028476,0,6
663,2,4,0,-2.160229,0,7
664,3,4,0,0.10734848,0,0
665,3,4,0,0.11549203,0,1
666,3,4,0,0.10329473,0,2
667,3,4,0,1.0240624,0,3
668,3,4,0,-0.5672732,0,4
669,3,4,0,1.6318666,0,5
670,3,4,0,-0.16212957,0,6
671,3,4,0,-1.8717176,0,7
672,4,4,0,0.237913,0,0
673,4,4,0,-0.01735936,0,1
674,4,4,0,-0.10874805,0,2
675,4,4,0,0.35199556,0,3
676,4,4,0,0.3950725,0,4
677,4,4,0,0.72132164,0,5
678,4,4,0,0.1813692,0,6
679,4,4,0,0.09833625,0,7
680,5,4,0,0.22058554,0,0
681,5,4,0,-0.47420317,0,1
682,5,4,0,0.37036324,0,2
683,5,4,0,0.5569812,0,3
684,5,4,0,-0.28388658,0,4
685,5,4,0,0.10222196,0,5
686,5,4,0,0.27558345,0,6
687,5,4,0,0.9778065,0,7
688,6,4,0,-0.55026275,0,0
689,6,4,0,-0.47386748,0,1
690,6,4,0,0.28664833,0,2
691,6,4,0,-0.64888686,0,3
692,6,4,0,-0.47271365,0,4
693,6,4,0,-0.01394821,0,5
694,6,4,0,-0.023266561,0,6
695,6,4,0,0.042825792,0,7
696,7,4,0,0.0012711383,0,0
697,7,4,0,-0.23751685,0,1
698,7,4,0,0.20460564,0,2
699,7,4,0,-0.2691108,0,3
700,7,4,0,-0.2591178,0,4
701,7,4,0,0.6985517,0,5
702,7,4,0,0.33512336,0,6
703,7,4,0,-7.1434326,0,7
704,8,4,0,-0.3461187,0,0
705,8,4,0,-0.5249716,0,1
706,8,4,0,0.18420994,0,2
707,8,4,0,0.32486165,0,3
708,8,4,0,-0.20569597,0,4
709,8,4,0,-0.15881258,0,5
710,8,4,0,0.14908545,0,6
711,8,4,0,-0.18147956,0,7
712,9,4,0,-0.110106625,0,0
713,9,4,0,-0.42652774,0,1
714,9,4,0,-0.35753667,0,2
715,9,4,0,0.6010383,0,3
716,9,4,0,-0.5347287,0,4
717,9,4,0,0.8032352,0,5
718,9,4,0,-0.21559413,0,6
719,9,4,0,-0.17116673,0,7
720,10,4,0,0.034512304,0,0
721,10,4,0,0.11445608,0,1
722,10,4,0,-0.32200897,0,2
723,10,4,0,0.020053862,0,3
724,10,4,0,-0.3249456,0,4
725,10,4,0,0.577563,0,5
726,10,4,0,0.27673325,0,6
727,10,4,0,-0.094749056,0,7
728,11,4,0,-0.10732027,0,0
729,11,4,0,0.038389336,0,1
730,11,4,0,-0.32405108,0,2
731,11,4,0,-0.11597084,0,3
732,11,4,0,-0.07764577,0,4
733,11,4,0,-0.26395115,0,5
734,11,4,0,0.2911727,0,6
735,11,4,0,0.057285376,0,7
736,12,4,0,-0.21460044,0,0
737,12,4,0,-0.55627376,0,1
738,12,4,0,-0.17385495,0,2
739,12,4,0,0.027697524,0,3
740,12,4,0,-0.17954163,0,4
741,12,4,0,-0.33542547,0,5
742,12,4,0,-0.14123914,0,6
743,12,4,0,0.037164178,0,7
744,13,4,0,-0.28691545,0,0
745,13,4,0,-0.5782141,0,1
746,13,4,0,-0.15609634,0,2
747,13,4,0,-0.14789242,0,3
748,13,4,0,-0.22557653,0,4
749,13,4,0,-0.6201837,0,5
750,13,4,0,-0.13550179,0,6
751,13,4,0,0.10387963,0,7
752,14,4,0,-0.6307642,0,0
753,14,4,0,-0.01573,0,1
754,14,4,0,0.30945945,0,2
755,14,4,0,-0.11392837,0,3
756,14,4,0,-0.1722097,0,4
757,14,4,0,0.118740484,0,5
758,14,4,0,-0.077967614,0,6
759,14,4,0,-0.3544293,0,7
760,15,4,0,-0.40024292,0,0
761,15,4,0,-0.26167923,0,1
762,15,4,0,-0.007395327,0,2
763,15,4,0,0.24194145,0,3
764,15,4,0,0.032217585,0,4
765,15,4,0,0.582706,0,5
766,15,4,0,-0.309789,0,6
767,15,4,0,0.15954895,0,7
768,16,4,0,-0.18824828,0,0
769,16,4,0,-0.0815367,0,1
770,16,4,0,-0.13984224,0,2
771,16,4,0,0.5079106,0,3
772,16,4,0,-0.64370143,0,4
773,16,4,0,0.47304595,0,5
774,16,4,0,0.31484902,0,6
775,16,4,0,-0.22202188,0,7
776,17,4,0,-0.25451317,0,0
777,17,4,0,0.1494977,0,1
778,17,4,0,-0.13966599,0,2
779,17,4,0,0.48726815,0,3
780,17,4,0,-0.48291448,0,4
781,17,4,0,0.8974767,0,5
782,17,4,0,0.41250724,0,6
783,17,4,0,-2.6009393,0,7
784,18,4,0,-0.41586244,0,0
785,18,4,0,-0.12146983,0,1
786,18,4,0,-0.23547645,0,2
787,18,4,0,0.944566,0,3
788,18,4,0,-0.6551645,0,4
789,18,4,0,0.56947756,0,5
790,18,4,0,0.028748516,0,6
791,18,4,0,-2.896905,0,7
792,19,4,0,0.78795666,0,0
793,19,4,0,0.15122305,0,1
794,19,4,0,0.25582987,0,2
795,19,4,0,0.1807974,0,3
796,19,4,0,-0.613223,0,4
797,19,4,0,1.1423181,0,5
798,19,4,0,0.11413826,0,6
799,19,4,0,-4.719699,0,7
800,0,5,0,0.09712279,0,0
801,0,5,0,0.30398062,0,1
802,0,5,0,-0.019336283,0,2
803,0,5,0,-0.11842175,0,3
804,0,5,0,0.081871904,0,4
805,0,5,0,0.06044158,0,5
806,0,5,0,-0.33065185,0,6
807,0,5,0,0.06471999,0,7
808,1,5,0,-0.94026625,0,0
809,1,5,0,0.06557054,0,1
810,1,5,0,0.34927356,0,2
811,1,5,0,0.5200964,0,3
812,1,5,0,-0.48863178,0,4
813,1,5,0,1.024582,0,5
814,1,5,0,-0.15223841,0,6
815,1,5,0,-1.1016229,0,7
816,2,5,0,0.077125385,0,0
817,2,5,0,0.28274143,0,1
818,2,5,0,0.12777215,0,2
819,2,5,0,0.38946468,0,3
820,2,5,0,0.004779039,0,4
821,2,5,0,1.0815016,0,5
822,2,5,0,-0.19028476,0,6
823,2,5,0,-2.129045,0,7
824,3,5,0,0.10734848,0,0
825,3,5,0,0.11549203,0,1
826,3,5,0,0.10329473,0,2
827,3,5,0,1.0240624,0,3
828,3,5,0,-0.5672732,0,4
829,3,5,0,1.6318666,0,5
830,3,5,0,-0.16212957,0,6
831,3,5,0,-1.7256595,0,7
832,4,5,0,0.237913,0,0
833,4,5,0,-0.01735936,0,1
834,4,5,0,-0.10874805,0,2
835,4,5,0,0.35199556,0,3
836,4,5,0,0.3950725,0,4
837,4,5,0,0.72132164,0,5
838,4,5,0,0.1813692,0,6
839,4,5,0,0.12161129,0,7
840,5,5,0,0.22058554,0,0
841,5,5,0,-0.47420317,0,1
842,5,5,0,0.37036324,0,2
843,5,5,0,0.5569812,0,3
844,5,5,0,-0.28388658,0,4
845,5,5,0,0.10222196,0,5
846,5,5,0,0.27558345,0,6
847,5,5,0,0.950241,0,7
848,6,5,0,-0.55026275,0,0
849,6,5,0,-0.47386748,0,1
850,6,5,0,0.28664833,0,2
851,6,5,0,-0.64888686,0,3
852,6,5,0,-0.47271365,0,4
853,6,5,0,-0.01394821,0,5
854,6,5,0,-0.023266561,0,6
855,6,5,0,0.044536497,0,7
856,7,5,0,0.0012711383,0,0
857,7,5,0,-0.23751685,0,1
858,7,5,0,0.20460564,0,2
859,7,5,0,-0.2691108,0,3
860,7,5,0,-0.2591178,0,4
861,7,5,0,0.6985517,0,5
862,7,5,0,0.33512336,0,6
863,7,5,0,-7.080562,0,7
864,8,5,0,-0.3461187,0,0
865,8,5,0,-0.5249716,0,1
866,8,5,0,0.18420994,0,2
867,8,5,0,0.32486165,0,3
868,8,5,0,-0.20569597,0,4
869,8,5,0,-0.15881258,0,5
870,8,5,0,0.14908545,0,6
871,8,5,0,-0.1621801,0,7
872,9,5,0,-0.110106625,0,0
873,9,5,0,-0.42652774,0,1
874,9,5,0,-0.35753667,0,2
875,9,5,0,0.6010383,0,3
876,9,5,0,-0.5347287,0,4
877,9,5,0,0.8032352,0,5
878,9,5,0,-0.21559413,0,6
879,9,5,0,-0.20197019,0,7
880,10,5,0,0.034512304,0,0
881,10,5,0,0.11445608,0,1
882,10,5,0,-0.32200897,0,2
883,10,5,0,0.020053862,0,3
884,10,5,0,-0.3249456,0,4
885,10,5,0,0.577563,0,5
886,10,5,0,0.27673325,0,6
887,10,5,0,-0.10371737,0,7
888,11,5,0,-0.10732027,0,0
889,11,5,0,0.038389336,0,1
890,11,5,0,-0.32405108,0,2
891,11,5,0,-0.11597084,0,3
892,11,5,0,-0.07764577,0,4
893,11,5,0,-0.26395115,0,5
894,11,5,0,0.2911727,0,6
895,11,5,0,0.04374557,0,7
896,12,5,0,-0.21460044,0,0
897,12,5,0,-0.55627376,0,1
898,12,5,0,-0.17385495,0,2
899,12,5,0,0.027697524,0,3
900,12,5,0,-0.17954163,0,4
901,12,5,0,-0.33542547,0,5
902,12,5,0,-0.14123914,0,6
903,12,5,0,0.03400349,0,7
904,13,5,0,-0.28691545,0,0
905,13,5,0,-0.5782141,0,1
906,13,5,0,-0.15609634,0,2
907,13,5,0,-0.14789242,0,3
908,13,5,0,-0.22557653,0,4
909,13,5,0,-0.6201837,0,5
910,13,5,0,-0.13550179,0,6
911,13,5,0,0.10508468,0,7
912,14,5,0,-0.6307642,0,0
913,14,5,0,-0.01573,0,1
914,14,5,0,0.30945945,0,2
915,14,5,0,-0.11392837,0,3
916,14,5,0,-0.1722097,0,4
917,14,5,0,0.118740484,0,5
918,14,5,0,-0.077967614,0,6
919,14,5,0,-0.35572988,0,7
920,15,5,0,-0.40024292,0,0
921,15,5,0,-0.26167923,0,1
922,15,5,0,-0.007395327,0,2
923,15,5,0,0.24194145,0,3
924,15,5,0,0.032217585,0,4
925,15,5,0,0.582706,0,5
926,15,5,0,-0.309789,0,6
927,15,5,0,0.13215193,0,7
928,16,5,0,-0.18824828,0,0
929,16,5,0,-0.0815367,0,1
930,16,5,0,-0.13984224,0,2
931,16,5,0,0.5079106,0,3
932,16,5,0,-0.64370143,0,4
933,16,5,0,0.47304595,0,5
934,16,5,0,0.31484902,0,6
935,16,5,0,-0.18010625,0,7
936,17,5,0,-0.25451317,0,0
937,17,5,0,0.1494977,0,1
938,17,5,0,-0.13966599,0,2
939,17,5,0,0.48726815,0,3
940,17,5,0,-0.48291448,0,4
941,17,5,0,0.8974767,0,5
942,17,5,0,0.41250724,0,6
943,17,5,0,-2.5981174,0,7
944,18,5,0,-0.41586244,0,0
945,18,5,0,-0.12146983,0,1
946,18,5,0,-0.23547645,0,2
947,18,5,0,0.944566,0,3
948,18,5,0,-0.6551645,0,4
949,18,5,0,0.56947756,0,5
950,18,5,0,0.028748516,0,6
951,18,5,0,-2.8578668,0,7
952,19,5,0,0.78795666,0,0
953,19,5,0,0.15122305,0,1
954,19,5,0,0.25582987,0,2
955,19,5,0,0.1807974,0,3
956,19,5,0,-0.613223,0,4
957,19,5,0,1.1423181,0,5
958,19,5,0,0.11413826,0,6
959,19,5,0,-4.684535,0,7
960,0,6,0,0.09712279,0,0
961,0,6,0,0.30398062,0,1
962,0,6,0,-0.019336283,0,2
963,0,6,0,-0.11842175,0,3
964,0,6,0,0.081871904,0,4
965,0,6,0,0.06044158,0,5
966,0,6,0,-0.33065185,0,6
967,0,6,0,0.06421275,0,7
968,1,6,0,-0.94026625,0,0
969,1,6,0,0.06557054,0,1
970,1,6,0,0.34927356,0,2
971,1,6,0,0.5200964,0,3
972,1,6,0,-0.48863178,0,4
973,1,6,0,1.024582,0,5
974,1,6,0,-0.15223841,0,6
975,1,6,0,-0.99297,0,7
976,2,6,0,0.077125385,0,0
977,2,6,0,0.28274143,0,1
978,2,6,0,0.12777215,0,2
979,2,6,0,0.38946468,0,3
980,2,6,0,0.004779039,0,4
981,2,6,0,1.0815016,0,5
982,2,6,0,-0.19028476,0,6
983,2,6,0,-2.1057186,0,7
984,3,6,0,0.10734848,0,0
985,3,6,0,0.11549203,0,1
986,3,6,0,0.10329473,0,2
987,3,6,0,1.0240624,0,3
988,3,6,0,-0.5672732,0,4
989,3,6,0,1.6318666,0,5
990,3,6,0,-0.16212957,0,6
991,3,6,0,-1.7489622,0,7
992,4,6,0,0.237913,0,0
993,4,6,0,-0.01735936,0,1
994,4,6,0,-0.10874805,0,2
995,4,6,0,0.35199556,0,3
996,4,6,0,0.3950725,0,4
997,4,6,0,0.72132164,0,5
998,4,6,0,0.1813692,0,6
999,4,6,0,0.07070717,0,7
1000,5,6,0,0.22058554,0,0
1001,5,6,0,-0.47420317,0,1
1002,5,6,0,0.37036324,0,2
1003,5,6,0,0.5569812,0,3
1004,5,6,0,-0.28388658,0,4
1005,5,6,0,0.10222196,0,5
1006,5,6,0,0.27558345,0,6
1007,5,6,0,0.9703726,0,7
1008,6,6,0,-0.55026275,0,0
1009,6,6,0,-0.47386748,0,1
1010,6,6,0,0.28664833,0,2
1011,6,6,0,-0.64888686,0,3
1012,6,6,0,-0.47271365,0,4
1013,6,6,0,-0.01394821,0,5
1014,6,6,0,-0.023266561,0,6
1015,6,6,0,0.042429905,0,7
1016,7,6,0,0.0012711383,0,0
1017,7,6,0,-0.23751685,0,1
1018,7,6,0,0.20460564,0,2
1019,7,6,0,-0.2691108,0,3
1020,7,6,0,-0.2591178,0,4
1021,7,6,0,0.6985517,0,5
1022,7,6,0,0.33512336,0,6
1023,7,6,0,-7.0394855,0,7
1024,8,6,0,-0.3461187,0,0
1025,8,6,0,-0.5249716,0,1
1026,8,6,0,0.18420994,0,2
1027,8,6,0,0.32486165,0,3
1028,8,6,0,-0.20569597,0,4
1029,8,6,0,-0.15881258,0,5
1030,8,6,0,0.14908545,0,6
1031,8,6,0,-0.17196265,0,7
1032,9,6,0,-0.110106625,0,0
1033,9,6,0,-0.42652774,0,1
1034,9,6,0,-0.35753667,0,2
1035,9,6,0,0.6010383,0,3
1036,9,6,0,-0.5347287,0,4
1037,9,6,0,0.8032352,0,5
1038,9,6,0,-0.21559413,0,6
1039,9,6,0,-0.16599065,0,7
1040,10,6,0,0.034512304,0,0
1041,10,6,0,0.11445608,0,1
1042,10,6,0,-0.32200897,0,2
1043,10,6,0,0.020053862,0,3
1044,10,6,0,-0.3249456,0,4
1045,10,6,0,0.577563,0,5
1046,10,6,0,0.27673325,0,6
1047,10,6,0,-0.09762661,0,7
1048,11,6,0,-0.10732027,0,0
1049,11,6,0,0.038389336,0,1
1050,11,6,0,-0.32405108,0,2
1051,11,6,0,-0.11597084,0,3
1052,11,6,0,-0.07764577,0,4
1053,11,6,0,-0.26395115,0,5
1054,11,6,0,0.2911727,0,6
1055,11,6,0,0.04076511,0,7
1056,12,6,0,-0.21460044,0,0
1057,12,6,0,-0.55627376,0,1
1058,12,6,0,-0.17385495,0,2
1059,12,6,0,0.027697524,0,3
1060,12,6,0,-0.17954163,0,4
1061,12,6,0,-0.33542547,0,5
1062,12,6,0,-0.14123914,0,6
1063,12,6,0,0.042176146,0,7
1064,13,6,0,-0.28691545,0,0
1065,13,6,0,-0.5782141,0,1
1066,13,6,0,-0.15609634,0,2
1067,13,6,0,-0.14789242,0,3
1068,13,6,0,-0.22557653,0,4
1069,13,6,0,-0.6201837,0,5
1070,13,6,0,-0.13550179,0,6
1071,13,6,0,0.10484015,0,7
1072,14,6,0,-0.6307642,0,0
1073,14,6,0,-0.01573,0,1
1074,14,6,0,0.30945945,0,2
1075,14,6,0,-0.11392837,0,3
1076,14,6,0,-0.1722097,0,4
1077,14,6,0,0.118740484,0,5
1078,14,6,0,-0.077967614,0,6
1079,14,6,0,-0.33816153,0,7
1080,15,6,0,-0.40024292,0,0
1081,15,6,0,-0.26167923,0,1
1082,15,6,0,-0.007395327,0,2
1083,15,6,0,0.24194145,0,3
1084,15,6,0,0.032217585,0,4
1085,15,6,0,0.582706,0,5
1086,15,6,0,-0.309789,0,6
1087,15,6,0,0.12781958,0,7
1088,16,6,0,-0.18824828,0,0
1089,16,6,0,-0.0815367,0,1
1090,16,6,0,-0.13984224,0,2
1091,16,6,0,0.5079106,0,3
1092,16,6,0,-0.64370143,0,4
1093,16,6,0,0.47304595,0,5
1094,16,6,0,0.31484902,0,6
1095,16,6,0,-0.17624976,0,7
1096,17,6,0,-0.25451317,0,0
1097,17,6,0,0.1494977,0,1
1098,17,6,0,-0.13966599,0,2
1099,17,6,0,0.48726815,0,3
1100,17,6,0,-0.48291448,0,4
1101,17,6,0,0.8974767,0,5
1102,17,6,0,0.41250724,0,6
1103,17,6,0,-2.5498028,0,7
1104,18,6,0,-0.41586244,0,0
1105,18,6,0,-0.12146983,0,1
1106,18,6,0,-0.23547645,0,2
1107,18,6,0,0.944566,0,3
1108,18,6,0,-0.6551645,0,4
1109,18,6,0,0.56947756,0,5
1110,18,6,0,0.028748516,0,6
1111,18,6,0,-2.7957058,0,7
1112,19,6,0,0.78795666,0,0
1113,19,6,0,0.15122305,0,1
1114,19,6,0,0.25582987,0,2
1115,19,6,0,0.1807974,0,3
1116,19,6,0,-0.613223,0,4
1117,19,6,0,1.1423181,0,5
1118,19,6,0,0.11413826,0,6
1119,19,6,0,-4.614194,0,7
1120,0,7,0,0.09712279,0,0
1121,0,7,0,0.30398062,0,1
1122,0,7,0,-0.019336283,0,2
1123,0,7,0,-0.11842175,0,3
1124,0,7,0,0.081871904,0,4
1125,0,7,0,0.06044158,0,5
1126,0,7,0,-0.33065185,0,6
1127,0,7,0,0.061542295,0,7
1128,1,7,0,-0.94026625,0,0
1129,1,7,0,0.06557054,0,1
1130,1,7,0,0.34927356,0,2
1131,1,7,0,0.5200964,0,3
1132,1,7,0,-0.48863178,0,4
1133,1,7,0,1.024582,0,5
1134,1,7,0,-0.15223841,0,6
1135,1,7,0,-1.051161,0,7
1136,2,7,0,0.077125385,0,0
1137,2,7,0,0.28274143,0,1
1138,2,7,0,0.12777215,0,2
1139,2,7,0,0.38946468,0,3
1140,2,7,0,0.004779039,0,4
1141,2,7,0,1.0815016,0,5
1142,2,7,0,-0.19028476,0,6
1143,2,7,0,-2.0427885,0,7
1144,3,7,0,0.10734848,0,0
1145,3,7,0,0.11549203,0,1
1146,3,7,0,0.10329473,0,2
1147,3,7,0,1.0240624,0,3
1148,3,7,0,-0.5672732,0,4
1149,3,7,0,1.6318666,0,5
1150,3,7,0,-0.16212957,0,6
1151,3,7,0,-1.7022818,0,7
1152,4,7,0,0.237913,0,0
1153,4,7,0,-0.01735936,0,1
1154,4,7,0,-0.10874805,0,2
1155,4,7,0,0.35199556,0,3
1156,4,7,0,0.3950725,0,4
1157,4,7,0,0.72132164,0,5
1158,4,7,0,0.1813692,0,6
1159,4,7,0,0.09468382,0,7
1160,5,7,0,0.22058554,0,0
1161,5,7,0,-0.47420317,0,1
1162,5,7,0,0.37036324,0,2
1163,5,7,0,0.5569812,0,3
1164,5,7,0,-0.28388658,0,4
1165,5,7,0,0.10222196,0,5
1166,5,7,0,0.27558345,0,6
1167,5,7,0,0.9439308,0,7
1168,6,7,0,-0.55026275,0,0
1169,6,7,0,-0.47386748,0,1
1170,6,7,0,0.28664833,0,2
1171,6,7,0,-0.64888686,0,3
1172,6,7,0,-0.47271365,0,4
1173,6,7,0,-0.01394821,0,5
1174,6,7,0,-0.023266561,0,6
1175,6,7,0,0.029554658,0,7
1176,7,7,0,0.0012711383,0,0
1177,7,7,0,-0.23751685,0,1
1178,7,7,0,0.20460564,0,2
1179,7,7,0,-0.2691108,0,3
1180,7,7,0,-0.2591178,0,4
1181,7,7,0,0.6985517,0,5
1182,7,7,0,0.33512336,0,6
1183,7,7,0,-6.9610395,0,7
1184,8,7,0,-0.3461187,0,0
1185,8,7,0,-0.5249716,0,1
1186,8,7,0,0.18420994,0,2
1187,8,7,0,0.32486165,0,3
1188,8,7,0,-0.20569597,0,4
1189,8,7,0,-0.15881258,0,5
1190,8,7,0,0.14908545,0,6
1191,8,7,0,-0.1758456,0,7
1192,9,7,0,-0.110106625,0,0
1193,9,7,0,-0.42652774,0,1
1194,9,7,0,-0.35753667,0,2
1195,9,7,0,0.6010383,0,3
1196,9,7,0,-0.5347287,0,4
1197,9,7,0,0.8032352,0,5
1198,9,7,0,-0.21559413,0,6
1199,9,7,0,-0.12745799,0,7
1200,10,7,0,0.034512304,0,0
1201,10,7,0,0.11445608,0,1
1202,10,7,0,-0.32200897,0,2
1203,10,7,0,0.020053862,0,3
1204,10,7,0,-0.3249456,0,4
1205,10,7,0,0.577563,0,5
1206,10,7,0,0.27673325,0,6
1207,10,7,0,-0.057359446,0,7
1208,11,7,0,-0.10732027,0,0
1209,11,7,0,0.038389336,0,1
1210,11,7,0,-0.32405108,0,2
1211,11,7,0,-0.11597084,0,3
1212,11,7,0,-0.07764577,0,4
1213,11,7,0,-0.26395115,0,5
1214,11,7,0,0.2911727,0,6
1215,11,7,0,0.04220135,0,7
1216,12,7,0,-0.21460044,0,0
1217,12,7,0,-0.55627376,0,1
1218,12,7,0,-0.17385495,0,2
1219,12,7,0,0.027697524,0,3
1220,12,7,0,-0.17954163,0,4
1221,12,7,0,-0.33542547,0,5
1222,12,7,0,-0.14123914,0,6
1223,12,7,0,0.03164539,0,7
1224,13,7,0,-0.28691545,0,0
1225,13,7,0,-0.5782141,0,1
1226,13,7,0,-0.15609634,0,2
1227,13,7,0,-0.14789242,0,3
1228,13,7,0,-0.22557653,0,4
1229,13,7,0,-0.6201837,0,5
1230,13,7,0,-0.13550179,0,6
1231,13,7,0,0.109314136,0,7
1232,14,7,0,-0.6307642,0,0
1233,14,7,0,-0.01573,0,1
1234,14,7,0,0.30945945,0,2
1235,14,7,0,-0.11392837,0,3
1236,14,7,0,-0.1722097,0,4
1237,14,7,0,0.118740484,0,5
1238,14,7,0,-0.077967614,0,6
1239,14,7,0,-0.32484022,0,7
1240,15,7,0,-0.40024292,0,0
1241,15,7,0,-0.26167923,0,1
1242,15,7,0,-0.007395327,0,2
1243,15,7,0,0.24194145,0,3
1244,15,7,0,0.032217585,0,4
1245,15,7,0,0.582706,0,5
1246,15,7,0,-0.309789,0,6
1247,15,7,0,0.114859946,0,7
1248,16,7,0,-0.18824828,0,0
1249,16,7,0,-0.0815367,0,1
1250,16,7,0,-0.13984224,0,2
1251,16,7,0,0.5079106,0,3
1252,16,7,0,-0.64370143,0,4
1253,16,7,0,0.47304595,0,5
1254,16,7,0,0.31484902,0,6
1255,16,7,0,-0.16653563,0,7
1256,17,7,0,-0.25451317,0,0
1257,17,7,0,0.1494977,0,1
1258,17,7,0,-0.13966599,0,2
1259,17,7,0,0.48726815,0,3
1260,17,7,0,-0.48291448,0,4
1261,17,7,0,0.8974767,0,5
1262,17,7,0,0.41250724,0,6
1263,17,7,0,-2.5220952,0,7
1264,18,7,0,-0.41586244,0,0
1265,18,7,0,-0.12146983,0,1
1266,18,7,0,-0.23547645,0,2
1267,18,7,0,0.944566,0,3
1268,18,7,0,-0.6551645,0,4
1269,18,7,0,0.56947756,0,5
1270,18,7,0,0.028748516,0,6
1271,18,7,0,-2.7565353,0,7
1272,19,7,0,0.78795666,0,0
1273,19,7,0,0.15122305,0,1
1274,19,7,0,0.25582987,0,2
1275,19,7,0,0.1807974,0,3
1276,19,7,0,-0.613223,0,4
1277,19,7,0,1.1423181,0,5
1278,19,7,0,0.11413826,0,6
1279,19,7,0,-4.5645313,0,7
1280,0,8,0,0.09712279,0,0
1281,0,8,0,0.30398062,0,1
1282,0,8,0,-0.019336283,0,2
1283,0,8,0,-0.11842175,0,3
1284,0,8,0,0.081871904,0,4
1285,0,8,0,0.06044158,0,5
1286,0,8,0,-0.33065185,0,6
1287,0,8,0,0.060173202,0,7
1288,1,8,0,-0.94026625,0,0
1289,1,8,0,0.06557054,0,1
1290,1,8,0,0.34927356,0,2
1291,1,8,0,0.5200964,0,3
1292,1,8,0,-0.48863178,0,4
1293,1,8,0,1.024582,0,5
1294,1,8,0,-0.15223841,0,6
1295,1,8,0,-1.1020857,0,7
1296,2,8,0,0.077125385,0,0
1297,2,8,0,0.28274143,0,1
1298,2,8,0,0.12777215,0,2
1299,2,8,0,0.38946468,0,3
1300,2,8,0,0.004779039,0,4
1301,2,8,0,1.0815016,0,5
1302,2,8,0,-0.19028476,0,6
1303,2,8,0,-1.9899684,0,7
1304,3,8,0,0.10734848,0,0
1305,3,8,0,0.11549203,0,1
1306,3,8,0,0.10329473,0,2
1307,3,8,0,1.0240624,0,3
1308,3,8,0,-0.5672732,0,4
1309,3,8,0,1.6318666,0,5
1310,3,8,0,-0.16212957,0,6
1311,3,8,0,-1.5853744,0,7
1312,4,8,0,0.237913,0,0
1313,4,8,0,-0.01735936,0,1
1314,4,8,0,-0.10874805,0,2
1315,4,8,0,0.35199556,0,3
1316,4,8,0,0.3950725,0,4
1317,4,8,0,0.72132164,0,5
1318,4,8,0,0.1813692,0,6
1319,4,8,0,0.05811115,0,7
1320,5,8,0,0.22058554,0,0
1321,5,8,0,-0.47420317,0,1
1322,5,8,0,0.37036324,0,2
1323,5,8,0,0.5569812,0,3
1324,5,8,0,-0.28388658,0,4
1325,5,8,0,0.10222196,0,5
1326,5,8,0,0.27558345,0,6
1327,5,8,0,0.95764995,0,7
1328,6,8,0,-0.55026275,0,0
1329,6,8,0,-0.47386748,0,1
1330,6,8,0,0.28664833,0,2
1331,6,8,0,-0.64888686,0,3
1332,6,8,0,-0.47271365,0,4
1333,6,8,0,-0.01394821,0,5
1334,6,8,0,-0.023266561,0,6
1335,6,8,0,0.04819298,0,7
1336,7,8,0,0.0012711383,0,0
1337,7,8,0,-0.23751685,0,1
1338,7,8,0,0.20460564,0,2
1339,7,8,0,-0.2691108,0,3
1340,7,8,0,-0.2591178,0,4
1341,7,8,0,0.6985517,0,5
1342,7,8,0,0.33512336,0,6
1343,7,8,0,-6.917727,0,7
1344,8,8,0,-0.3461187,0,0
1345,8,8,0,-0.5249716,0,1
1346,8,8,0,0.18420994,0,2
1347,8,8,0,0.32486165,0,3
1348,8,8,0,-0.20569597,0,4
1349,8,8,0,-0.15881258,0,5
1350,8,8,0,0.14908545,0,6
1351,8,8,0,-0.15660119,0,7
1352,9,8,0,-0.110106625,0,0
1353,9,8,0,-0.42652774,0,1
1354,9,8,0,-0.35753667,0,2
1355,9,8,0,0.6010383,0,3
1356,9,8,0,-0.5347287,0,4
1357,9,8,0,0.8032352,0,5
1358,9,8,0,-0.21559413,0,6
1359,9,8,0,-0.06684458,0,7
1360,10,8,0,0.034512304,0,0
1361,10,8,0,0.11445608,0,1
1362,10,8,0,-0.32200897,0,2
1363,10,8,0,0.020053862,0,3
1364,10,8,0,-0.3249456,0,4
1365,10,8,0,0.577563,0,5
1366,10,8,0,0.27673325,0,6
1367,10,8,0,-0.075440936,0,7
1368,11,8,0,-0.10732027,0,0
1369,11,8,0,0.038389336,0,1
1370,11,8,0,-0.32405108,0,2
1371,11,8,0,-0.11597084,0,3
1372,11,8,0,-0.07764577,0,4
1373,11,8,0,-0.26395115,0,5
1374,11,8,0,0.2911727,0,6
1375,11,8,0,0.04076526,0,7
1376,12,8,0,-0.21460044,0,0
1377,12,8,0,-0.55627376,0,1
1378,12,8,0,-0.17385495,0,2
1379,12,8,0,0.027697524,0,3
1380,12,8,0,-0.17954163,0,4
1381,12,8,0,-0.33542547,0,5
1382,12,8,0,-0.14123914,0,6
1383,12,8,0,0.030771965,0,7
1384,13,8,0,-0.28691545,0,0
1385,13,8,0,-0.5782141,0,1
1386,13,8,0,-0.15609634,0,2
1387,13,8,0,-0.14789242,0,3
1388,13,8,0,-0.22557653,0,4
1389,13,8,0,-0.6201837,0,5
1390,13,8,0,-0.13550179,0,6
1391,13,8,0,0.107413374,0,7
1392,14,8,0,-0.6307642,0,0
1393,14,8,0,-0.01573,0,1
1394,14,8,0,0.30945945,0,2
1395,14,8,0,-0.11392837,0,3
1396,14,8,0,-0.1722097,0,4
1397,14,8,0,0.118740484,0,5
1398,14,8,0,-0.077967614,0,6
1399,14,8,0,-0.3048005,0,7
1400,15,8,0,-0.40024292,0,0
1401,15,8,0,-0.26167923,0,1
1402,15,8,0,-0.007395327,0,2
1403,15,8,0,0.24194145,0,3
1404,15,8,0,0.032217585,0,4
1405,15,8,0,0.582706,0,5
1406,15,8,0,-0.309789,0,6
1407,15,8,0,0.13589074,0,7
1408,16,8,0,-0.18824828,0,0
1409,16,8,0,-0.0815367,0,1
1410,16,8,0,-0.13984224,0,2
1411,16,8,0,0.5079106,0,3
1412,16,8,0,-0.64370143,0,4
1413,16,8,0,0.47304595,0,5
1414,16,8,0,0.31484902,0,6
1415,16,8,0,-0.18858494,0,7
1416,17,8,0,-0.25451317,0,0
1417,17,8,0,0.1494977,0,1
1418,17,8,0,-0.13966599,0,2
1419,17,8,0,0.48726815,0,3
1420,17,8,0,-0.48291448,0,4
1421,17,8,0,0.8974767,0,5
1422,17,8,0,0.41250724,0,6
1423,17,8,0,-2.4674428,0,7
1424,18,8,0,-0.41586244,0,0
1425,18,8,0,-0.12146983,0,1
1426,18,8,0,-0.23547645,0,2
1427,18,8,0,0.944566,0,3
1428,18,8,0,-0.6551645,0,4
1429,18,8,0,0.56947756,0,5
1430,18,8,0,0.028748516,0,6
1431,18,8,0,-2.6529102,0,7
1432,19,8,0,0.78795666,0,0
1433,19,8,0,0.15122305,0,1
1434,19,8,0,0.25582987,0,2
1435,19,8,0,0.1807974,0,3
1436,19,8,0,-0.613223,0,4
1437,19,8,0,1.1423181,0,5
1438,19,8,0,0.11413826,0,6
1439,19,8,0,-4.4706435,0,7
1440,0,9,0,0.09712279,0,0
1441,0,9,0,0.30398062,0,1
1442,0,9,0,-0.019336283,0,2
1443,0,9,0,-0.11842175,0,3
1444,0,9,0,0.081871904,0,4
1445,0,9,0,0.06044158,0,5
1446,0,9,0,-0.33065185,0,6
1447,0,9,0,0.06811704,0,7
1448,1,9,0,-0.94026625,0,0
1449,1,9,0,0.06557054,0,1
1450,1,9,0,0.34927356,0,2
1451,1,9,0,0.5200964,0,3
1452,1,9,0,-0.48863178,0,4
1453,1,9,0,1.024582,0,5
1454,1,9,0,-0.15223841,0,6
1455,1,9,0,-1.0390117,0,7
1456,2,9,0,0.077125385,0,0
1457,2,9,0,0.28274143,0,1
1458,2,9,0,0.12777215,0,2
1459,2,9,0,0.38946468,0,3
1460,2,9,0,0.004779039,0,4
1461,2,9,0,1.0815016,0,5
1462,2,9,0,-0.19028476,0,6
1463,2,9,0,-1.8367146,0,7
1464,3,9,0,0.10734848,0,0
1465,3,9,0,0.11549203,0,1
1466,3,9,0,0.10329473,0,2
1467,3,9,0,1.0240624,0,3
1468,3,9,0,-0.5672732,0,4
1469,3,9,0,1.6318666,0,5
1470,3,9,0,-0.16212957,0,6
1471,3,9,0,-1.4426113,0,7
1472,4,9,0,0.237913,0,0
1473,4,9,0,-0.01735936,0,1
1474,4,9,0,-0.10874805,0,2
1475,4,9,0,0.35199556,0,3
1476,4,9,0,0.3950725,0,4
1477,4,9,0,0.72132164,0,5
1478,4,9,0,0.1813692,0,6
1479,4,9,0,0.08298777,0,7
1480,5,9,0,0.22058554,0,0
1481,5,9,0,-0.47420317,0,1
1482,5,9,0,0.37036324,0,2
1483,5,9,0,0.5569812,0,3
1484,5,9,0,-0.28388658,0,4
1485,5,9,0,0.10222196,0,5
1486,5,9,0,0.27558345,0,6
1487,5,9,0,1.04803,0,7
1488,6,9,0,-0.55026275,0,0
1489,6,9,0,-0.47386748,0,1
1490,6,9,0,0.28664833,0,2
1491,6,9,0,-0.64888686,0,3
1492,6,9,0,-0.47271365,0,4
1493,6,9,0,-0.01394821,0,5
1494,6,9,0,-0.023266561,0,6
1495,6,9,0,0.037553985,0,7
1496,7,9,0,0.0012711383,0,0
1497,7,9,0,-0.23751685,0,1
1498,7,9,0,0.20460564,0,2
1499,7,9,0,-0.2691108,0,3
1500,7,9,0,-0.2591178,0,4
1501,7,9,0,0.6985517,0,5
1502,7,9,0,0.33512336,0,6
1503,7,9,0,-6.8173537,0,7
1504,8,9,0,-0.3461187,0,0
1505,8,9,0,-0.5249716,0,1
1506,8,9,0,0.18420994,0,2
1507,8,9,0,0.32486165,0,3
1508,8,9,0,-0.20569597,0,4
1509,8,9,0,-0.15881258,0,5
1510,8,9,0,0.14908545,0,6
1511,8,9,0,-0.15128198,0,7
1512,9,9,0,-0.110106625,0,0
1513,9,9,0,-0.42652774,0,1
1514,9,9,0,-0.35753667,0,2
1515,9,9,0,0.6010383,0,3
1516,9,9,0,-0.5347287,0,4
1517,9,9,0,0.8032352,0,5
1518,9,9,0,-0.21559413,0,6
1519,9,9,0,-0.050351966,0,7
1520,10,9,0,0.034512304,0,0
1521,10,9,0,0.11445608,0,1
1522,10,9,0,-0.32200897,0,2
1523,10,9,0,0.020053862,0,3
1524,10,9,0,-0.3249456,0,4
1525,10,9,0,0.577563,0,5
1526,10,9,0,0.27673325,0,6
1527,10,9,0,-0.075624,0,7
1528,11,9,0,-0.10732027,0,0
1529,11,9,0,0.038389336,0,1
1530,11,9,0,-0.32405108,0,2
1531,11,9,0,-0.11597084,0,3
1532,11,9,0,-0.07764577,0,4
1533,11,9,0,-0.26395115,0,5
1534,11,9,0,0.2911727,0,6
1535,11,9,0,0.029986039,0,7
1536,12,9,0,-0.21460044,0,0
1537,12,9,0,-0.55627376,0,1
1538,12,9,0,-0.17385495,0,2
1539,12,9,0,0.027697524,0,3
1540,12,9,0,-0.17954163,0,4
1541,12,9,0,-0.33542547,0,5
1542,12,9,0,-0.14123914,0,6
1543,12,9,0,0.036814693,0,7
1544,13,9,0,-0.28691545,0,0
1545,13,9,0,-0.5782141,0,1
1546,13,9,0,-0.15609634,0,2
1547,13,9,0,-0.14789242,0,3
1548,13,9,0,-0.22557653,0,4
1549,13,9,0,-0.6201837,0,5
1550,13,9,0,-0.13550179,0,6
1551,13,9,0,0.109905295,0,7
1552,14,9,0,-0.6307642,0,0
1553,14,9,0,-0.01573,0,1
1554,14,9,0,0.30945945,0,2
1555,14,9,0,-0.11392837,0,3
1556,14,9,0,-0.1722097,0,4
1557,14,9,0,0.118740484,0,5
1558,14,9,0,-0.077967614,0,6
1559,14,9,0,-0.29870373,0,7
1560,15,9,0,-0.40024292,0,0
1561,15,9,0,-0.26167923,0,1
1562,15,9,0,-0.007395327,0,2
1563,15,9,0,0.24194145,0,3
1564,15,9,0,0.032217585,0,4
1565,15,9,0,0.582706,0,5
1566,15,9,0,-0.309789,0,6
1567,15,9,0,0.1589155,0,7
1568,16,9,0,-0.18824828,0,0
1569,16,9,0,-0.0815367,0,1
1570,16,9,0,-0.13984224,0,2
1571,16,9,0,0.5079106,0,3
1572,16,9,0,-0.64370143,0,4
1573,16,9,0,0.47304595,0,5
1574,16,9,0,0.31484902,0,6
1575,16,9,0,-0.16524369,0,7
1576,17,9,0,-0.25451317,0,0
1577,17,9,0,0.1494977,0,1
1578,17,9,0,-0.13966599,0,2
1579,17,9,0,0.48726815,0,3
1580,17,9,0,-0.48291448,0,4
1581,17,9,0,0.8974767,0,5
1582,17,9,0,0.41250724,0,6
1583,17,9,0,-2.3919756,0,7
1584,18,9,0,-0.41586244,0,0
1585,18,9,0,-0.12146983,0,1
1586,18,9,0,-0.23547645,0,2
1587,18,9,0,0.944566,0,3
1588,18,9,0,-0.6551645,0,4
1589,18,9,0,0.56947756,0,5
1590,18,9,0,0.028748516,0,6
1591,18,9,0,-2.5314422,0,7
1592,19,9,0,0.78795666,0,0
1593,19,9,0,0.15122305,0,1
1594,19,9,0,0.25582987,0,2
1595,19,9,0,0.1807974,0,3
1596,19,9,0,-0.613223,0,4
1597,19,9,0,1.1423181,0,5
1598,19,9,0,0.11413826,0,6
1599,19,9,0,-4.391732,0,7
1600,0,0,1,0,-0.16791219,0
1601,1,0,1,0,-0.122736074,0
1602,2,0,1,0,0.0,0
1603,3,0,1,0,0.27840832,0
1604,4,0,1,0,-0.31159163,0
1605,5,0,1,0,0.89733666,0
1606,6,0,1,0,-0.039345752,0
1607,7,0,1,0,-15.82773,0
1608,0,1,1,0,-0.16791219,0
1609,1,1,1,0,-0.122736074,0
1610,2,1,1,0,0.0,0
1611,3,1,1,0,0.27840832,0
1612,4,1,1,0,-0.31159163,0
1613,5,1,1,0,0.89733666,0
1614,6,1,1,0,-0.039345752,0
1615,7,1,1,0,-16.048582,0
1616,0,2,1,0,-0.16791219,0
1617,1,2,1,0,-0.122736074,0
1618,2,2,1,0,0.0,0
1619,3,2,1,0,0.27840832,0
1620,4,2,1,0,-0.31159163,0
1621,5,2,1,0,0.89733666,0
1622,6,2,1,0,-0.039345752,0
1623,7,2,1,0,-16.283072,0
1624,0,3,1,0,-0.16791219,0
1625,1,3,1,0,-0.122736074,0
1626,2,3,1,0,0.0,0
1627,3,3,1,0,0.27840832,0
1628,4,3,1,0,-0.31159163,0
1629,5,3,1,0,0.89733666,0
1630,6,3,1,0,-0.039345752,0
1631,7,3,1,0,-16.498621,0
1632,0,4,1,0,-0.16791219,0
1633,1,4,1,0,-0.122736074,0
1634,2,4,1,0,0.0,0
1635,3,4,1,0,0.27840832,0
1636,4,4,1,0,-0.31159163,0
1637,5,4,1,0,0.89733666,0
1638,6,4,1,0,-0.039345752,0
1639,7,4,1,0,-16.733849,0
1640,0,5,1,0,-0.16791219,0
1641,1,5,1,0,-0.122736074,0
1642,2,5,1,0,0.0,0
1643,3,5,1,0,0.27840832,0
1644,4,5,1,0,-0.31159163,0
1645,5,5,1,0,0.89733666,0
1646,6,5,1,0,-0.039345752,0
1647,7,5,1,0,-16.948921,0
1648,0,6,1,0,-0.16791219,0
1649,1,6,1,0,-0.122736074,0
1650,2,6,1,0,0.0,0
1651,3,6,1,0,0.27840832,0
1652,4,6,1,0,-0.31159163,0
1653,5,6,1,0,0.89733666,0
1654,6,6,1,0,-0.039345752,0
1655,7,6,1,0,-17.162756,0
1656,0,7,1,0,-0.16791219,0
1657,1,7,1,0,-0.122736074,0
1658,2,7,1,0,0.0,0
1659,3,7,1,0,0.27840832,0
1660,4,7,1,0,-0.31159163,0
1661,5,7,1,0,0.89733666,0
1662,6,7,1,0,-0.039345752,0
1663,7,7,1,0,-17.369028,0
1664,0,8,1,0,-0.16791219,0
1665,1,8,1,0,-0.122736074,0
1666,2,8,1,0,0.0,0
1667,3,8,1,0,0.27840832,0
1668,4,8,1,0,-0.31159163,0
1669,5,8,1,0,0.89733666,0
1670,6,8,1,0,-0.039345752,0
1671,7,8,1,0,-17.556297,0
1672,0,9,1,0,-0.16791219,0
1673,1,9,1,0,-0.122736074,0
1674,2,9,1,0,0.0,0
1675,3,9,1,0,0.27840832,0
1676,4,9,1,0,-0.31159163,0
1677,5,9,1,0,0.89733666,0
1678,6,9,1,0,-0.039345752,0
1679,7,9,1,0,-17.739641,0
1680,0,0,1,0.1391347,0,0
1681,0,0,1,0.10309765,0,1
1682,0,0,1,-0.6005019,0,2
1683,0,0,1,-0.06355437,0,3
1684,0,0,1,0.007626391,0,4
1685,0,0,1,-0.5979594,0,5
1686,0,0,1,-0.13601482,0,6
1687,0,0,1,0.32618093,0,7
1688,1,0,1,0.043447092,0,0
1689,1,0,1,0.31534073,0,1
1690,1,0,1,0.5030397,0,2
1691,1,0,1,-0.051575243,0,3
1692,1,0,1,-0.1633916,0,4
1693,1,0,1,0.18219547,0,5
1694,1,0,1,-0.16411874,0,6
1695,1,0,1,0.32631004,0,7
1696,2,0,1,-0.15751404,0,0
1697,2,0,1,0.51289076,0,1
1698,2,0,1,-0.004072547,0,2
1699,2,0,1,-0.0073673725,0,3
1700,2,0,1,-0.04752052,0,4
1701,2,0,1,0.57667834,0,5
1702,2,0,1,0.024159968,0,6
1703,2,0,1,0.556456,0,7
1704,3,0,1,0.3404211,0,0
1705,3,0,1,-0.2300702,0,1
1706,3,0,1,-0.37733096,0,2
1707,3,0,1,-0.32683542,0,3
1708,3,0,1,0.41777152,0,4
1709,3,0,1,-0.43268472,0,5
1710,3,0,1,-0.29208955,0,6
1711,3,0,1,0.110218056,0,7
1712,4,0,1,0.033067863,0,0
1713,4,0,1,-0.26307753,0,1
1714,4,0,1,0.4977584,0,2
1715,4,0,1,-0.50221574,0,3
1716,4,0,1,-0.054557834,0,4
1717,4,0,1,0.18459776,0,5
1718,4,0,1,0.2807071,0,6
1719,4,0,1,-0.34933826,0,7
1720,5,0,1,0.011583711,0,0
1721,5,0,1,-0.19501758,0,1
1722,5,0,1,0.11127991,0,2
1723,5,0,1,-0.18815668,0,3
1724,5,0,1,-0.5701446,0,4
1725,5,0,1,-0.25096533,0,5
1726,5,0,1,-0.49807322,0,6
1727,5,0,1,-0.1325715,0,7
1728,6,0,1,-0.009314683,0,0
1729,6,0,1,-0.043095503,0,1
1730,6,0,1,-0.47614568,0,2
1731,6,0,1,0.34199956,0,3
1732,6,0,1,-0.36704668,0,4
1733,6,0,1,-0.26130435,0,5
1734,6,0,1,0.20959462,0,6
1735,6,0,1,-0.30836588,0,7
1736,7,0,1,-0.023790326,0,0
1737,7,0,1,-0.33236992,0,1
1738,7,0,1,-0.36689708,0,2
1739,7,0,1,0.06881724,0,3
1740,7,0,1,-0.3343519,0,4
1741,7,0,1,-0.10328499,0,5
1742,7,0,1,0.010207922,0,6
1743,7,0,1,-0.066995524,0,7
1744,0,1,1,0.1391347,0,0
1745,0,1,1,0.10309765,0,1
1746,0,1,1,-0.6005019,0,2
1747,0,1,1,-0.06355437,0,3
1748,0,1,1,0.007626391,0,4
1749,0,1,1,-0.5979594,0,5
1750,0,1,1,-0.13601482,0,6
1751,0,1,1,0.32618093,0,7
1752,1,1,1,0.043447092,0,0
1753,1,1,1,0.31534073,0,1
1754,1,1,1,0.5030397,0,2
1755,1,1,1,-0.051575243,0,3
1756,1,1,1,-0.1633916,0,4
1757,1,1,1,0.18219547,0,5
1758,1,1,1,-0.16411874,0,6
1759,1,1,1,0.32631004,0,7
1760,2,1,1,-0.15751404,0,0
1761,2,1,1,0.51289076,0,1
1762,2,1,1,-0.004072547,0,2
1763,2,1,1,-0.0073673725,0,3
1764,2,1,1,-0.04752052,0,4
1765,2,1,1,0.57667834,0,5
1766,2,1,1,0.024159968,0,6
1767,2,1,1,0.556456,0,7
1768,3,1,1,0.3404211,0,0
1769,3,1,1,-0.2300702,0,1
1770,3,1,1,-0.37733096,0,2
1771,3,1,1,-0.32683542,0,3
1772,3,1,1,0.41777152,0,4
1773,3,1,1,-0.43268472,0,5
1774,3,1,1,-0.29208955,0,6
1775,3,1,1,0.110218056,0,7
1776,4,1,1,0.033067863,0,0
1777,4,1,1,-0.26307753,0,1
1778,4,1,1,0.4977584,0,2
1779,4,1,1,-0.50221574,0,3
1780,4,1,1,-0.054557834,0,4
1781,4,1,1,0.18459776,0,5
1782,4,1,1,0.2807071,0,6
1783,4,1,1,-0.34933826,0,7
1784,5,1,1,0.011583711,0,0
1785,5,1,1,-0.19501758,0,1
1786,5,1,1,0.11127991,0,2
1787,5,1,1,-0.18815668,0,3
1788,5,1,1,-0.5701446,0,4
1789,5,1,1,-0.25096533,0,5
1790,5,1,1,-0.49807322,0,6
1791,5,1,1,-0.1325715,0,7
1792,6,1,1,-0.009314683,0,0
1793,6,1,1,-0.043095503,0,1
1794,6,1,1,-0.47614568,0,2
1795,6,1,1,0.34199956,0,3
1796,6,1,1,-0.36704668,0,4
1797,6,1,1,-0.26130435,0,5
1798,6,1,1,0.20959462,0,6
1799,6,1,1,-0.30836588,0,7
1800,7,1,1,-0.0218268,0,0
1801,7,1,1,-0.33236992,0,1
1802,7,1,1,-0.36689708,0,2
1803,7,1,1,0.06900253,0,3
1804,7,1,1,-0.3343519,0,4
1805,7,1,1,-0.10328499,0,5
1806,7,1,1,0.010207922,0,6
1807,7,1,1,-0.07023424,0,7
1808,0,2,1,0.1391347,0,0
1809,0,2,1,0.10309765,0,1
1810,0,2,1,-0.6005019,0,2
1811,0,2,1,-0.06355437,0,3
1812,0,2,1,0.007626391,0,4
1813,0,2,1,-0.5979594,0,5
1814,0,2,1,-0.13601482,0,6
1815,0,2,1,0.32618093,0,7
1816,1,2,1,0.043447092,0,0
1817,1,2,1,0.31534073,0,1
1818,1,2,1,0.5030397,0,2
1819,1,2,1,-0.051575243,0,3
1820,1,2,1,-0.1633916,0,4
1821,1,2,1,0.18219547,0,5
1822,1,2,1,-0.16411874,0,6
1823,1,2,1,0.32631004,0,7
1824,2,2,1,-0.15751404,0,0
1825,2,2,1,0.51289076,0,1
1826,2,2,1,-0.004072547,0,2
1827,2,2,1,-0.0073673725,0,3
1828,2,2,1,-0.04752052,0,4
1829,2,2,1,0.57667834,0,5
1830,2,2,1,0.024159968,0,6
1831,2,2,1,0.556456,0,7
1832,3,2,1,0.3404211,0,0
1833,3,2,1,-0.2300702,0,1
1834,3,2,1,-0.37733096,0,2
1835,3,2,1,-0.32683542,0,3
1836,3,2,1,0.41777152,0,4
1837,3,2,1,-0.43268472,0,5
1838,3,2,1,-0.29208955,0,6
1839,3,2,1,0.110218056,0,7
1840,4,2,1,0.033067863,0,0
1841,4,2,1,-0.26307753,0,1
1842,4,2,1,0.4977584,0,2
1843,4,2,1,-0.50221574,0,3
1844,4,2,1,-0.054557834,0,4
1845,4,2,1,0.18459776,0,5
1846,4,2,1,0.2807071,0,6
1847,4,2,1,-0.34933826,0,7
1848,5,2,1,0.011583711,0,0
1849,5,2,1,-0.19501758,0,1
1850,5,2,1,0.11127991,0,2
1851,5,2,1,-0.18815668,0,3
1852,5,2,1,-0.5701446,0,4
1853,5,2,1,-0.25096533,0,5
1854,5,2,1,-0.49807322,0,6
1855,5,2,1,-0.1325715,0,7
1856,6,2,1,-0.009314683,0,0
1857,6,2,1,-0.043095503,0,1
1858,6,2,1,-0.47614568,0,2
1859,6,2,1,0.34199956,0,3
1860,6,2,1,-0.36704668,0,4
1861,6,2,1,-0.26130435,0,5
1862,6,2,1,0.20959462,0,6
1863,6,2,1,-0.30836588,0,7
1864,7,2,1,-0.040643714,0,0
1865,7,2,1,-0.33236992,0,1
1866,7,2,1,-0.36689708,0,2
1867,7,2,1,0.065049715,0,3
1868,7,2,1,-0.3343519,0,4
1869,7,2,1,-0.10328499,0,5
1870,7,2,1,0.010207922,0,6
1871,7,2,1,-0.04500595,0,7
1872,0,3,1,0.1391347,0,0
1873,0,3,1,0.10309765,0,1
1874,0,3,1,-0.6005019,0,2
1875,0,3,1,-0.06355437,0,3
1876,0,3,1,0.007626391,0,4
1877,0,3,1,-0.5979594,0,5
1878,0,3,1,-0.13601482,0,6
1879,0,3,1,0.32618093,0,7
1880,1,3,1,0.043447092,0,0
1881,1,3,1,0.31534073,0,1
1882,1,3,1,0.5030397,0,2
1883,1,3,1,-0.051575243,0,3
1884,1,3,1,-0.1633916,0,4
1885,1,3,1,0.18219547,0,5
1886,1,3,1,-0.16411874,0,6
1887,1,3,1,0.32631004,0,7
1888,2,3,1,-0.15751404,0,0
1889,2,3,1,0.51289076,0,1
1890,2,3,1,-0.004072547,0,2
1891,2,3,1,-0.0073673725,0,3
1892,2,3,1,-0.04752052,0,4
1893,2,3,1,0.57667834,0,5
1894,2,3,1,0.024159968,0,6
1895,2,3,1,0.556456,0,7
1896,3,3,1,0.3404211,0,0
1897,3,3,1,-0.2300702,0,1
1898,3,3,1,-0.37733096,0,2
1899,3,3,1,-0.32683542,0,3
1900,3,3,1,0.41777152,0,4
1901,3,3,1,-0.43268472,0,5
1902,3,3,1,-0.29208955,0,6
1903,3,3,1,0.110218056,0,7
1904,4,3,1,0.033067863,0,0
1905,4,3,1,-0.26307753,0,1
1906,4,3,1,0.4977584,0,2
1907,4,3,1,-0.50221574,0,3
1908,4,3,1,-0.054557834,0,4
1909,4,3,1,0.18459776,0,5
1910,4,3,1,0.2807071,0,6
1911,4,3,1,-0.34933826,0,7
1912,5,3,1,0.011583711,0,0
1913,5,3,1,-0.19501758,0,1
1914,5,3,1,0.11127991,0,2
1915,5,3,1,-0.18815668,0,3
1916,5,3,1,-0.5701446,0,4
1917,5,3,1,-0.25096533,0,5
1918,5,3,1,-0.49807322,0,6
1919,5,3,1,-0.1325715,0,7
1920,6,3,1,-0.009314683,0,0
1921,6,3,1,-0.043095503,0,1
1922,6,3,1,-0.47614568,0,2
1923,6,3,1,0.34199956,0,3
1924,6,3,1,-0.36704668,0,4
1925,6,3,1,-0.26130435,0,5
1926,6,3,1,0.20959462,0,6
1927,6,3,1,-0.30836588,0,7
1928,7,3,1,-0.0472631,0,0
1929,7,3,1,-0.33236992,0,1
1930,7,3,1,-0.36689708,0,2
1931,7,3,1,0.06668771,0,3
1932,7,3,1,-0.3343519,0,4
1933,7,3,1,-0.10328499,0,5
1934,7,3,1,0.010207922,0,6
1935,7,3,1,-0.05539754,0,7
1936,0,4,1,0.1391347,0,0
1937,0,4,1,0.10309765,0,1
1938,0,4,1,-0.6005019,0,2
1939,0,4,1,-0.06355437,0,3
1940,0,4,1,0.007626391,0,4
1941,0,4,1,-0.5979594,0,5
1942,0,4,1,-0.13601482,0,6
1943,0,4,1,0.32618093,0,7
1944,1,4,1,0.043447092,0,0
1945,1,4,1,0.31534073,0,1
1946,1,4,1,0.5030397,0,2
1947,1,4,1,-0.051575243,0,3
1948,1,4,1,-0.1633916,0,4
1949,1,4,1,0.18219547,0,5
1950,1,4,1,-0.16411874,0,6
1951,1,4,1,0.32631004,0,7
1952,2,4,1,-0.15751404,0,0
1953,2,4,1,0.51289076,0,1
1954,2,4,1,-0.004072547,0,2
1955,2,4,1,-0.0073673725,0,3
1956,2,4,1,-0.04752052,0,4
1957,2,4,1,0.57667834,0,5
1958,2,4,1,0.024159968,0,6
1959,2,4,1,0.556456,0,7
1960,3,4,1,0.3404211,0,0
1961,3,4,1,-0.2300702,0,1
1962,3,4,1,-0.37733096,0,2
1963,3,4,1,-0.32683542,0,3
1964,3,4,1,0.41777152,0,4
1965,3,4,1,-0.43268472,0,5
1966,3,4,1,-0.29208955,0,6
1967,3,4,1,0.110218056,0,7
1968,4,4,1,0.033067863,0,0
1969,4,4,1,-0.26307753,0,1
1970,4,4,1,0.4977584,0,2
1971,4,4,1,-0.50221574,0,3
1972,4,4,1,-0.054557834,0,4
1973,4,4,1,0.18459776,0,5
1974,4,4,1,0.2807071,0,6
1975,4,4,1,-0.34933826,0,7
1976,5,4,1,0.011583711,0,0
1977,5,4,1,-0.19501758,0,1
1978,5,4,1,0.11127991,0,2
1979,5,4,1,-0.18815668,0,3
1980,5,4,1,-0.5701446,0,4
1981,5,4,1,-0.25096533,0,5
1982,5,4,1,-0.49807322,0,6
1983,5,4,1,-0.1325715,0,7
1984,6,4,1,-0.009314683,0,0
1985,6,4,1,-0.043095503,0,1
1986,6,4,1,-0.47614568,0,2
1987,6,4,1,0.34199956,0,3
1988,6,4,1,-0.36704668,0,4
1989,6,4,1,-0.26130435,0,5
1990,6,4,1,0.20959462,0,6
1991,6,4,1,-0.30836588,0,7
1992,7,4,1,-0.034334194,0,0
1993,7,4,1,-0.33236992,0,1
1994,7,4,1,-0.36689708,0,2
1995,7,4,1,0.068369,0,3
1996,7,4,1,-0.3343519,0,4
1997,7,4,1,-0.10328499,0,5
1998,7,4,1,0.010207922,0,6
1999,7,4,1,-0.084318034,0,7
2000,0,5,1,0.1391347,0,0
2001,0,5,1,0.10309765,0,1
2002,0,5,1,-0.6005019,0,2
2003,0,5,1,-0.06355437,0,3
2004,0,5,1,0.007626391,0,4
2005,0,5,1,-0.5979594,0,5
2006,0,5,1,-0.13601482,0,6
2007,0,5,1,0.32618093,0,7
2008,1,5,1,0.043447092,0,0
2009,1,5,1,0.31534073,0,1
2010,1,5,1,0.5030397,0,2
2011,1,5,1,-0.051575243,0,3
2012,1,5,1,-0.1633916,0,4
2013,1,5,1,0.18219547,0,5
2014,1,5,1,-0.16411874,0,6
2015,1,5,1,0.32631004,0,7
2016,2,5,1,-0.15751404,0,0
2017,2,5,1,0.51289076,0,1
2018,2,5,1,-0.004072547,0,2
2019,2,5,1,-0.0073673725,0,3
2020,2,5,1,-0.04752052,0,4
2021,2,5,1,0.57667834,0,5
2022,2,5,1,0.024159968,0,6
2023,2,5,1,0.556456,0,7
2024,3,5,1,0.3404211,0,0
2025,3,5,1,-0.2300702,0,1
2026,3,5,1,-0.37733096,0,2
2027,3,5,1,-0.32683542,0,3
2028,3,5,1,0.41777152,0,4
2029,3,5,1,-0.43268472,0,5
2030,3,5,1,-0.29208955,0,6
2031,3,5,1,0.110218056,0,7
2032,4,5,1,0.033067863,0,0
2033,4,5,1,-0.26307753,0,1
2034,4,5,1,0.4977584,0,2
2035,4,5,1,-0.50221574,0,3
2036,4,5,1,-0.054557834,0,4
2037,4,5,1,0.18459776,0,5
2038,4,5,1,0.2807071,0,6
2039,4,5,1,-0.34933826,0,7
2040,5,5,1,0.011583711,0,0
2041,5,5,1,-0.19501758,0,1
2042,5,5,1,0.11127991,0,2
2043,5,5,1,-0.18815668,0,3
2044,5,5,1,-0.5701446,0,4
2045,5,5,1,-0.25096533,0,5
2046,5,5,1,-0.49807322,0,6
2047,5,5,1,-0.1325715,0,7
2048,6,5,1,-0.009314683,0,0
2049,6,5,1,-0.043095503,0,1
2050,6,5,1,-0.47614568,0,2
2051,6,5,1,0.34199956,0,3
2052,6,5,1,-0.36704668,0,4
2053,6,5,1,-0.26130435,0,5
2054,6,5,1,0.20959462,0,6
2055,6,5,1,-0.30836588,0,7
2056,7,5,1,-0.02351404,0,0
2057,7,5,1,-0.33236992,0,1
2058,7,5,1,-0.36689708,0,2
2059,7,5,1,0.068402275,0,3
2060,7,5,1,-0.3343519,0,4
2061,7,5,1,-0.10328499,0,5
2062,7,5,1,0.010207922,0,6
2063,7,5,1,-0.07620496,0,7
2064,0,6,1,0.1391347,0,0
2065,0,6,1,0.10309765,0,1
2066,0,6,1,-0.6005019,0,2
2067,0,6,1,-0.06355437,0,3
2068,0,6,1,0.007626391,0,4
2069,0,6,1,-0.5979594,0,5
2070,0,6,1,-0.13601482,0,6
2071,0,6,1,0.32618093,0,7
2072,1,6,1,0.043447092,0,0
2073,1,6,1,0.31534073,0,1
2074,1,6,1,0.5030397,0,2
2075,1,6,1,-0.051575243,0,3
2076,1,6,1,-0.1633916,0,4
2077,1,6,1,0.18219547,0,5
2078,1,6,1,-0.16411874,0,6
2079,1,6,1,0.32631004,0,7
2080,2,6,1,-0.15751404,0,0
2081,2,6,1,0.51289076,0,1
2082,2,6,1,-0.004072547,0,2
2083,2,6,1,-0.0073673725,0,3
2084,2,6,1,-0.04752052,0,4
2085,2,6,1,0.57667834,0,5
2086,2,6,1,0.024159968,0,6
2087,2,6,1,0.556456,0,7
2088,3,6,1,0.3404211,0,0
2089,3,6,1,-0.2300702,0,1
2090,3,6,1,-0.37733096,0,2
2091,3,6,1,-0.32683542,0,3
2092,3,6,1,0.41777152,0,4
2093,3,6,1,-0.43268472,0,5
2094,3,6,1,-0.29208955,0,6
2095,3,6,1,0.110218056,0,7
2096,4,6,1,0.033067863,0,0
2097,4,6,1,-0.26307753,0,1
2098,4,6,1,0.4977584,0,2
2099,4,6,1,-0.50221574,0,3
2100,4,6,1,-0.054557834,0,4
2101,4,6,1,0.18459776,0,5
2102,4,6,1,0.2807071,0,6
2103,4,6,1,-0.34933826,0,7
2104,5,6,1,0.011583711,0,0
2105,5,6,1,-0.19501758,0,1
2106,5,6,1,0.11127991,0,2
2107,5,6,1,-0.18815668,0,3
2108,5,6,1,-0.5701446,0,4
2109,5,6,1,-0.25096533,0,5
2110,5,6,1,-0.49807322,0,6
2111,5,6,1,-0.1325715,0,7
2112,6,6,1,-0.009314683,0,0
2113,6,6,1,-0.043095503,0,1
2114,6,6,1,-0.47614568,0,2
2115,6,6,1,0.34199956,0,3
2116,6,6,1,-0.36704668,0,4
2117,6,6,1,-0.26130435,0,5
2118,6,6,1,0.20959462,0,6
2119,6,6,1,-0.30836588,0,7
2120,7,6,1,-0.023961188,0,0
2121,7,6,1,-0.33236992,0,1
2122,7,6,1,-0.36689708,0,2
2123,7,6,1,0.0677653,0,3
2124,7,6,1,-0.3343519,0,4
2125,7,6,1,-0.10328499,0,5
2126,7,6,1,0.010207922,0,6
2127,7,6,1,-0.13723913,0,7
2128,0,7,1,0.1391347,0,0
2129,0,7,1,0.10309765,0,1
2130,0,7,1,-0.6005019,0,2
2131,0,7,1,-0.06355437,0,3
2132,0,7,1,0.007626391,0,4
2133,0,7,1,-0.5979594,0,5
2134,0,7,1,-0.13601482,0,6
2135,0,7,1,0.32618093,0,7
2136,1,7,1,0.043447092,0,0
2137,1,7,1,0.31534073,0,1
2138,1,7,1,0.5030397,0,2
2139,1,7,1,-0.051575243,0,3
2140,1,7,1,-0.1633916,0,4
2141,1,7,1,0.18219547,0,5
2142,1,7,1,-0.16411874,0,6
2143,1,7,1,0.32631004,0,7
2144,2,7,1,-0.15751404,0,0
2145,2,7,1,0.51289076,0,1
2146,2,7,1,-0.004072547,0,2
2147,2,7,1,-0.0073673725,0,3
2148,2,7,1,-0.04752052,0,4
2149,2,7,1,0.57667834,0,5
2150,2,7,1,0.024159968,0,6
2151,2,7,1,0.556456,0,7
2152,3,7,1,0.3404211,0,0
2153,3,7,1,-0.2300702,0,1
2154,3,7,1,-0.37733096,0,2
2155,3,7,1,-0.32683542,0,3
2156,3,7,1,0.41777152,0,4
2157,3,7,1,-0.43268472,0,5
2158,3,7,1,-0.29208955,0,6
2159,3,7,1,0.110218056,0,7
2160,4,7,1,0.033067863,0,0
2161,4,7,1,-0.26307753,0,1
2162,4,7,1,0.4977584,0,2
2163,4,7,1,-0.50221574,0,3
2164,4,7,1,-0.054557834,0,4
2165,4,7,1,0.18459776,0,5
2166,4,7,1,0.2807071,0,6
2167,4,7,1,-0.34933826,0,7
2168,5,7,1,0.011583711,0,0
2169,5,7,1,-0.19501758,0,1
2170,5,7,1,0.11127991,0,2
2171,5,7,1,-0.18815668,0,3
2172,5,7,1,-0.5701446,0,4
2173,5,7,1,-0.25096533,0,5
2174,5,7,1,-0.49807322,0,6
2175,5,7,1,-0.1325715,0,7
2176,6,7,1,-0.009314683,0,0
2177,6,7,1,-0.043095503,0,1
2178,6,7,1,-0.47614568,0,2
2179,6,7,1,0.34199956,0,3
2180,6,7,1,-0.36704668,0,4
2181,6,7,1,-0.26130435,0,5
2182,6,7,1,0.20959462,0,6
2183,6,7,1,-0.30836588,0,7
2184,7,7,1,-0.03252111,0,0
2185,7,7,1,-0.33236992,0,1
2186,7,7,1,-0.36689708,0,2
2187,7,7,1,0.06934081,0,3
2188,7,7,1,-0.3343519,0,4
2189,7,7,1,-0.10328499,0,5
2190,7,7,1,0.010207922,0,6
2191,7,7,1,-0.13723995,0,7
2192,0,8,1,0.1391347,0,0
2193,0,8,1,0.10309765,0,1
2194,0,8,1,-0.6005019,0,2
2195,0,8,1,-0.06355437,0,3
2196,0,8,1,0.007626391,0,4
2197,0,8,1,-0.5979594,0,5
2198,0,8,1,-0.13601482,0,6
2199,0,8,1,0.32618093,0,7
2200,1,8,1,0.043447092,0,0
2201,1,8,1,0.31534073,0,1
2202,1,8,1,0.5030397,0,2
2203,1,8,1,-0.051575243,0,3
2204,1,8,1,-0.1633916,0,4
2205,1,8,1,0.18219547,0,5
2206,1,8,1,-0.16411874,0,6
2207,1,8,1,0.32631004,0,7
2208,2,8,1,-0.15751404,0,0
2209,2,8,1,0.51289076,0,1
2210,2,8,1,-0.004072547,0,2
2211,2,8,1,-0.0073673725,0,3
2212,2,8,1,-0.04752052,0,4
2213,2,8,1,0.57667834,0,5
2214,2,8,1,0.024159968,0,6
2215,2,8,1,0.556456,0,7
2216,3,8,1,0.3404211,0,0
2217,3,8,1,-0.2300702,0,1
2218,3,8,1,-0.37733096,0,2
2219,3,8,1,-0.32683542,0,3
2220,3,8,1,0.41777152,0,4
2221,3,8,1,-0.43268472,0,5
2222,3,8,1,-0.29208955,0,6
2223,3,8,1,0.110218056,0,7
2224,4,8,1,0.033067863,0,0
2225,4,8,1,-0.26307753,0,1
2226,4,8,1,0.4977584,0,2
2227,4,8,1,-0.50221574,0,3
2228,4,8,1,-0.054557834,0,4
2229,4,8,1,0.18459776,0,5
2230,4,8,1,0.2807071,0,6
2231,4,8,1,-0.34933826,0,7
2232,5,8,1,0.011583711,0,0
2233,5,8,1,-0.19501758,0,1
2234,5,8,1,0.11127991,0,2
2235,5,8,1,-0.18815668,0,3
2236,5,8,1,-0.5701446,0,4
2237,5,8,1,-0.25096533,0,5
2238,5,8,1,-0.49807322,0,6
2239,5,8,1,-0.1325715,0,7
2240,6,8,1,-0.009314683,0,0
2241,6,8,1,-0.043095503,0,1
2242,6,8,1,-0.47614568,0,2
2243,6,8,1,0.34199956,0,3
2244,6,8,1,-0.36704668,0,4
2245,6,8,1,-0.26130435,0,5
2246,6,8,1,0.20959462,0,6
2247,6,8,1,-0.30836588,0,7
2248,7,8,1,-0.025124358,0,0
2249,7,8,1,-0.33236992,0,1
2250,7,8,1,-0.36689708,0,2
2251,7,8,1,0.06704416,0,3
2252,7,8,1,-0.3343519,0,4
2253,7,8,1,-0.10328499,0,5
2254,7,8,1,0.010207922,0,6
2255,7,8,1,-0.13723998,0,7
2256,0,9,1,0.1391347,0,0
2257,0,9,1,0.10309765,0,1
2258,0,9,1,-0.6005019,0,2
2259,0,9,1,-0.06355437,0,3
2260,0,9,1,0.007626391,0,4
2261,0,9,1,-0.5979594,0,5
2262,0,9,1,-0.13601482,0,6
2263,0,9,1,0.32618093,0,7
2264,1,9,1,0.043447092,0,0
2265,1,9,1,0.31534073,0,1
2266,1,9,1,0.5030397,0,2
2267,1,9,1,-0.051575243,0,3
2268,1,9,1,-0.1633916,0,4
2269,1,9,1,0.18219547,0,5
2270,1,9,1,-0.16411874,0,6
2271,1,9,1,0.32631004,0,7
2272,2,9,1,-0.15751404,0,0
2273,2,9,1,0.51289076,0,1
2274,2,9,1,-0.004072547,0,2
2275,2,9,1,-0.0073673725,0,3
2276,2,9,1,-0.04752052,0,4
2277,2,9,1,0.57667834,0,5
2278,2,9,1,0.024159968,0,6
2279,2,9,1,0.556456,0,7
2280,3,9,1,0.3404211,0,0
2281,3,9,1,-0.2300702,0,1
2282,3,9,1,-0.37733096,0,2
2283,3,9,1,-0.32683542,0,3
2284,3,9,1,0.41777152,0,4
2285,3,9,1,-0.43268472,0,5
2286,3,9,1,-0.29208955,0,6
2287,3,9,1,0.110218056,0,7
2288,4,9,1,0.033067863,0,0
2289,4,9,1,-0.26307753,0,1
2290,4,9,1,0.4977584,0,2
2291,4,9,1,-0.50221574,0,3
2292,4,9,1,-0.054557834,0,4
2293,4,9,1,0.18459776,0,5
2294,4,9,1,0.2807071,0,6
2295,4,9,1,-0.34933826,0,7
2296,5,9,1,0.011583711,0,0
2297,5,9,1,-0.19501758,0,1
2298,5,9,1,0.11127991,0,2
2299,5,9,1,-0.18815668,0,3
2300,5,9,1,-0.5701446,0,4
2301,5,9,1,-0.25096533,0,5
2302,5,9,1,-0.49807322,0,6
2303,5,9,1,-0.1325715,0,7
2304,6,9,1,-0.009314683,0,0
2305,6,9,1,-0.043095503,0,1
2306,6,9,1,-0.47614568,0,2
2307,6,9,1,0.34199956,0,3
2308,6,9,1,-0.36704668,0,4
2309,6,9,1,-0.26130435,0,5
2310,6,9,1,0.20959462,0,6
2311,6,9,1,-0.30836588,0,7
2312,7,9,1,-0.026238775,0,0
2313,7,9,1,-0.33236992,0,1
2314,7,9,1,-0.36689708,0,2
2315,7,9,1,0.068089396,0,3
2316,7,9,1,-0.3343519,0,4
2317,7,9,1,-0.10328499,0,5
2318,7,9,1,0.010207922,0,6
2319,7,9,1,-0.13723998,0,7
2320,0,0,2,0,10.928018,0
2321,1,0,2,0,0.3416808,0
2322,2,0,2,0,-0.10044352,0
2323,3,0,2,0,-11.709761,0
2324,4,0,2,0,3.1248012,0
2325,5,0,2,0,-0.5135566,0
2326,6,0,2,0,-10.034377,0
2327,7,0,2,0,9.092769,0
2328,0,1,2,0,11.0952215,0
2329,1,1,2,0,0.3416808,0
2330,2,1,2,0,-0.10044352,0
2331,3,1,2,0,-11.844362,0
2332,4,1,2,0,3.1248012,0
2333,5,1,2,0,-0.5135566,0
2334,6,1,2,0,-10.034377,0
2335,7,1,2,0,9.162548,0
2336,0,2,2,0,11.240088,0
2337,1,2,2,0,0.3416808,0
2338,2,2,2,0,-0.10044352,0
2339,3,2,2,0,-11.969891,0
2340,4,2,2,0,3.1248012,0
2341,5,2,2,0,-0.5135566,0
2342,6,2,2,0,-10.034377,0
2343,7,2,2,0,9.223491,0
2344,0,3,2,0,11.409358,0
2345,1,3,2,0,0.3416808,0
2346,2,3,2,0,-0.10044352,0
2347,3,3,2,0,-12.104843,0
2348,4,3,2,0,3.1248012,0
2349,5,3,2,0,-0.5135566,0
2350,6,3,2,0,-10.034377,0
2351,7,3,2,0,9.250249,0
2352,0,4,2,0,11.566213,0
2353,1,4,2,0,0.3416808,0
2354,2,4,2,0,-0.10044352,0
2355,3,4,2,0,-12.229531,0
2356,4,4,2,0,3.1248012,0
2357,5,4,2,0,-0.5135566,0
2358,6,4,2,0,-10.034377,0
2359,7,4,2,0,9.267748,0
2360,0,5,2,0,11.7081785,0
2361,1,5,2,0,0.3416808,0
2362,2,5,2,0,-0.10044352,0
2363,3,5,2,0,-12.3371315,0
2364,4,5,2,0,3.1248012,0
2365,5,5,2,0,-0.5135566,0
2366,6,5,2,0,-10.034377,0
2367,7,5,2,0,9.285856,0
2368,0,6,2,0,11.860365,0
2369,1,6,2,0,0.3416808,0
2370,2,6,2,0,-0.10044352,0
2371,3,6,2,0,-12.459241,0
2372,4,6,2,0,3.1248012,0
2373,5,6,2,0,-0.5135566,0
2374,6,6,2,0,-10.034377,0
2375,7,6,2,0,9.283546,0
2376,0,7,2,0,11.978042,0
2377,1,7,2,0,0.3416808,0
2378,2,7,2,0,-0.10044352,0
2379,3,7,2,0,-12.559956,0
2380,4,7,2,0,3.1248012,0
2381,5,7,2,0,-0.5135566,0
2382,6,7,2,0,-10.034377,0
2383,7,7,2,0,9.283546,0
2384,0,8,2,0,12.123313,0
2385,1,8,2,0,0.3416808,0
2386,2,8,2,0,-0.10044352,0
2387,3,8,2,0,-12.678028,0
2388,4,8,2,0,3.1248012,0
2389,5,8,2,0,-0.5135566,0
2390,6,8,2,0,-10.034377,0
2391,7,8,2,0,9.283546,0
2392,0,9,2,0,12.256682,0
2393,1,9,2,0,0.3416808,0
2394,2,9,2,0,-0.10044352,0
2395,3,9,2,0,-12.787836,0
2396,4,9,2,0,3.1248012,0
2397,5,9,2,0,-0.5135566,0
2398,6,9,2,0,-10.034377,0
2399,7,9,2,0,9.283546,0
2400,0,0,2,0.8502732,0,0
2401,0,0,2,0.14205483,0,1
2402,0,0,2,-0.439529,0,2
2403,0,0,2,-0.7587249,0,3
2404,1,0,2,0.16451454,0,0
2405,1,0,2,-0.104295366,0,1
2406,1,0,2,0.06637495,0,2
2407,1,0,2,0.5633473,0,3
2408,2,0,2,-0.20230918,0,0
2409,2,0,2,-0.21876995,0,1
2410,2,0,2,0.025049025,0,2
2411,2,0,2,-0.7608758,0,3
2412,3,0,2,-3.2754903,0,0
2413,3,0,2,-1.0352579,0,1
2414,3,0,2,0.1686027,0,2
2415,3,0,2,1.0545205,0,3
2416,4,0,2,0.50175124,0,0
2417,4,0,2,0.27541023,0,1
2418,4,0,2,0.49341372,0,2
2419,4,0,2,-0.5015978,0,3
2420,5,0,2,-0.33913556,0,0
2421,5,0,2,-0.22339894,0,1
2422,5,0,2,-0.045238413,0,2
2423,5,0,2,0.48111692,0,3
2424,6,0,2,-0.43573657,0,0
2425,6,0,2,-0.60226434,0,1
2426,6,0,2,0.30502298,0,2
2427,6,0,2,0.68294126,0,3
2428,7,0,2,0.72624296,0,0
2429,7,0,2,0.16681723,0,1
2430,7,0,2,-0.23765896,0,2
2431,7,0,2,-0.6444389,0,3
2432,0,1,2,0.88292,0,0
2433,0,1,2,0.18440486,0,1
2434,0,1,2,-0.45164743,0,2
2435,0,1,2,-0.8796567,0,3
2436,1,1,2,0.16451454,0,0
2437,1,1,2,-0.104295366,0,1
2438,1,1,2,0.06637495,0,2
2439,1,1,2,0.5633473,0,3
2440,2,1,2,-0.20230918,0,0
2441,2,1,2,-0.21876995,0,1
2442,2,1,2,0.025049025,0,2
2443,2,1,2,-0.7608758,0,3
2444,3,1,2,-3.405723,0,0
2445,3,1,2,-1.0880741,0,1
2446,3,1,2,0.1685726,0,2
2447,3,1,2,1.0881487,0,3
2448,4,1,2,0.50175124,0,0
2449,4,1,2,0.27541023,0,1
2450,4,1,2,0.49341372,0,2
2451,4,1,2,-0.5015978,0,3
2452,5,1,2,-0.33913556,0,0
2453,5,1,2,-0.22339894,0,1
2454,5,1,2,-0.045238413,0,2
2455,5,1,2,0.48111692,0,3
2456,6,1,2,-0.43573657,0,0
2457,6,1,2,-0.60226434,0,1
2458,6,1,2,0.30502298,0,2
2459,6,1,2,0.68294126,0,3
2460,7,1,2,0.63293076,0,0
2461,7,1,2,0.21601522,0,1
2462,7,1,2,-0.17886882,0,2
2463,7,1,2,-0.6478762,0,3
2464,0,2,2,0.8770251,0,0
2465,0,2,2,0.21509822,0,1
2466,0,2,2,-0.43634427,0,2
2467,0,2,2,-0.94335926,0,3
2468,1,2,2,0.16451454,0,0
2469,1,2,2,-0.104295366,0,1
2470,1,2,2,0.06637495,0,2
2471,1,2,2,0.5633473,0,3
2472,2,2,2,-0.20230918,0,0
2473,2,2,2,-0.21876995,0,1
2474,2,2,2,0.025049025,0,2
2475,2,2,2,-0.7608758,0,3
2476,3,2,2,-3.4651105,0,0
2477,3,2,2,-1.044336,0,1
2478,3,2,2,0.15614259,0,2
2479,3,2,2,1.0823957,0,3
2480,4,2,2,0.50175124,0,0
2481,4,2,2,0.27541023,0,1
2482,4,2,2,0.49341372,0,2
2483,4,2,2,-0.5015978,0,3
2484,5,2,2,-0.33913556,0,0
2485,5,2,2,-0.22339894,0,1
2486,5,2,2,-0.045238413,0,2
2487,5,2,2,0.48111692,0,3
2488,6,2,2,-0.43573657,0,0
2489,6,2,2,-0.60226434,0,1
2490,6,2,2,0.30502298,0,2
2491,6,2,2,0.68294126,0,3
2492,7,2,2,0.60711044,0,0
2493,7,2,2,0.24460536,0,1
2494,7,2,2,-0.18281506,0,2
2495,7,2,2,-0.6478793,0,3
2496,0,3,2,0.97903377,0,0
2497,0,3,2,0.20076188,0,1
2498,0,3,2,-0.49943835,0,2
2499,0,3,2,-1.0250654,0,3
2500,1,3,2,0.16451454,0,0
2501,1,3,2,-0.104295366,0,1
2502,1,3,2,0.06637495,0,2
2503,1,3,2,0.5633473,0,3
2504,2,3,2,-0.20230918,0,0
2505,2,3,2,-0.21876995,0,1
2506,2,3,2,0.025049025,0,2
2507,2,3,2,-0.7608758,0,3
2508,3,3,2,-3.5474124,0,0
2509,3,3,2,-1.1172758,0,1
2510,3,3,2,0.14458036,0,2
2511,3,3,2,1.1325122,0,3
2512,4,3,2,0.50175124,0,0
2513,4,3,2,0.27541023,0,1
2514,4,3,2,0.49341372,0,2
2515,4,3,2,-0.5015978,0,3
2516,5,3,2,-0.33913556,0,0
2517,5,3,2,-0.22339894,0,1
2518,5,3,2,-0.045238413,0,2
2519,5,3,2,0.48111692,0,3
2520,6,3,2,-0.43573657,0,0
2521,6,3,2,-0.60226434,0,1
2522,6,3,2,0.30502298,0,2
2523,6,3,2,0.68294126,0,3
2524,7,3,2,0.620561,0,0
2525,7,3,2,0.19851832,0,1
2526,7,3,2,-0.1358019,0,2
2527,7,3,2,-0.6480065,0,3
2528,0,4,2,1.0194498,0,0
2529,0,4,2,0.18742968,0,1
2530,0,4,2,-0.5519193,0,2
2531,0,4,2,-1.0039433,0,3
2532,1,4,2,0.16451454,0,0
2533,1,4,2,-0.104295366,0,1
2534,1,4,2,0.06637495,0,2
2535,1,4,2,0.5633473,0,3
2536,2,4,2,-0.20230918,0,0
2537,2,4,2,-0.21876995,0,1
2538,2,4,2,0.025049025,0,2
2539,2,4,2,-0.7608758,0,3
2540,3,4,2,-3.4889488,0,0
2541,3,4,2,-1.123391,0,1
2542,3,4,2,0.16042738,0,2
2543,3,4,2,1.1176364,0,3
2544,4,4,2,0.50175124,0,0
2545,4,4,2,0.27541023,0,1
2546,4,4,2,0.49341372,0,2
2547,4,4,2,-0.5015978,0,3
2548,5,4,2,-0.33913556,0,0
2549,5,4,2,-0.22339894,0,1
2550,5,4,2,-0.045238413,0,2
2551,5,4,2,0.48111692,0,3
2552,6,4,2,-0.43573657,0,0
2553,6,4,2,-0.60226434,0,1
2554,6,4,2,0.30502298,0,2
2555,6,4,2,0.68294126,0,3
2556,7,4,2,0.6293498,0,0
2557,7,4,2,0.18031754,0,1
2558,7,4,2,-0.121474296,0,2
2559,7,4,2,-0.6480193,0,3
2560,0,5,2,1.0207521,0,0
2561,0,5,2,0.1365548,0,1
2562,0,5,2,-0.51713777,0,2
2563,0,5,2,-0.9695454,0,3
2564,1,5,2,0.16451454,0,0
2565,1,5,2,-0.104295366,0,1
2566,1,5,2,0.06637495,0,2
2567,1,5,2,0.5633473,0,3
2568,2,5,2,-0.20230918,0,0
2569,2,5,2,-0.21876995,0,1
2570,2,5,2,0.025049025,0,2
2571,2,5,2,-0.7608758,0,3
2572,3,5,2,-3.4339104,0,0
2573,3,5,2,-1.1092771,0,1
2574,3,5,2,0.15882577,0,2
2575,3,5,2,1.1080548,0,3
2576,4,5,2,0.50175124,0,0
2577,4,5,2,0.27541023,0,1
2578,4,5,2,0.49341372,0,2
2579,4,5,2,-0.5015978,0,3
2580,5,5,2,-0.33913556,0,0
2581,5,5,2,-0.22339894,0,1
2582,5,5,2,-0.045238413,0,2
2583,5,5,2,0.48111692,0,3
2584,6,5,2,-0.43573657,0,0
2585,6,5,2,-0.60226434,0,1
2586,6,5,2,0.30502298,0,2
2587,6,5,2,0.68294126,0,3
2588,7,5,2,0.6390984,0,0
2589,7,5,2,0.17057456,0,1
2590,7,5,2,-0.121474296,0,2
2591,7,5,2,-0.6480193,0,3
2592,0,6,2,1.053927,0,0
2593,0,6,2,0.16960447,0,1
2594,0,6,2,-0.51300573,0,2
2595,0,6,2,-1.1141615,0,3
2596,1,6,2,0.16451454,0,0
2597,1,6,2,-0.104295366,0,1
2598,1,6,2,0.06637495,0,2
2599,1,6,2,0.5633473,0,3
2600,2,6,2,-0.20230918,0,0
2601,2,6,2,-0.21876995,0,1
2602,2,6,2,0.025049025,0,2
2603,2,6,2,-0.7608758,0,3
2604,3,6,2,-3.4284678,0,0
2605,3,6,2,-1.1583455,0,1
2606,3,6,2,0.1624867,0,2
2607,3,6,2,1.1273103,0,3
2608,4,6,2,0.50175124,0,0
2609,4,6,2,0.27541023,0,1
2610,4,6,2,0.49341372,0,2
2611,4,6,2,-0.5015978,0,3
2612,5,6,2,-0.33913556,0,0
2613,5,6,2,-0.22339894,0,1
2614,5,6,2,-0.045238413,0,2
2615,5,6,2,0.48111692,0,3
2616,6,6,2,-0.43573657,0,0
2617,6,6,2,-0.60226434,0,1
2618,6,6,2,0.30502298,0,2
2619,6,6,2,0.68294126,0,3
2620,7,6,2,0.41337162,0,0
2621,7,6,2,0.41706982,0,1
2622,7,6,2,-0.20875303,0,2
2623,7,6,2,-0.5751099,0,3
2624,0,7,2,1.0094851,0,0
2625,0,7,2,0.15147184,0,1
2626,0,7,2,-0.54943293,0,2
2627,0,7,2,-0.93108624,0,3
2628,1,7,2,0.16451454,0,0
2629,1,7,2,-0.104295366,0,1
2630,1,7,2,0.06637495,0,2
2631,1,7,2,0.5633473,0,3
2632,2,7,2,-0.20230918,0,0
2633,2,7,2,-0.21876995,0,1
2634,2,7,2,0.025049025,0,2
2635,2,7,2,-0.7608758,0,3
2636,3,7,2,-3.4223256,0,0
2637,3,7,2,-1.1387877,0,1
2638,3,7,2,0.17946228,0,2
2639,3,7,2,1.1034945,0,3
2640,4,7,2,0.50175124,0,0
2641,4,7,2,0.27541023,0,1
2642,4,7,2,0.49341372,0,2
2643,4,7,2,-0.5015978,0,3
2644,5,7,2,-0.33913556,0,0
2645,5,7,2,-0.22339894,0,1
2646,5,7,2,-0.045238413,0,2
2647,5,7,2,0.48111692,0,3
2648,6,7,2,-0.43573657,0,0
2649,6,7,2,-0.60226434,0,1
2650,6,7,2,0.30502298,0,2
2651,6,7,2,0.68294126,0,3
2652,7,7,2,0.41379648,0,0
2653,7,7,2,0.41663358,0,1
2654,7,7,2,-0.20875303,0,2
2655,7,7,2,-0.5751099,0,3
2656,0,8,2,1.0749612,0,0
2657,0,8,2,0.15772669,0,1
2658,0,8,2,-0.53188825,0,2
2659,0,8,2,-1.1143407,0,3
2660,1,8,2,0.16451454,0,0
2661,1,8,2,-0.104295366,0,1
2662,1,8,2,0.06637495,0,2
2663,1,8,2,0.5633473,0,3
2664,2,8,2,-0.20230918,0,0
2665,2,8,2,-0.21876995,0,1
2666,2,8,2,0.025049025,0,2
2667,2,8,2,-0.7608758,0,3
2668,3,8,2,-3.5780268,0,0
2669,3,8,2,-1.166779,0,1
2670,3,8,2,0.15470791,0,2
2671,3,8,2,1.1494746,0,3
2672,4,8,2,0.50175124,0,0
2673,4,8,2,0.27541023,0,1
2674,4,8,2,0.49341372,0,2
2675,4,8,2,-0.5015978,0,3
2676,5,8,2,-0.33913556,0,0
2677,5,8,2,-0.22339894,0,1
2678,5,8,2,-0.045238413,0,2
2679,5,8,2,0.48111692,0,3
2680,6,8,2,-0.43573657,0,0
2681,6,8,2,-0.60226434,0,1
2682,6,8,2,0.30502298,0,2
2683,6,8,2,0.68294126,0,3
2684,7,8,2,0.4140744,0,0
2685,7,8,2,0.41634798,0,1
2686,7,8,2,-0.20875303,0,2
2687,7,8,2,-0.5751099,0,3
2688,0,9,2,1.1090242,0,0
2689,0,9,2,0.18610305,0,1
2690,0,9,2,-0.6060548,0,2
2691,0,9,2,-1.1223947,0,3
2692,1,9,2,0.16451454,0,0
2693,1,9,2,-0.104295366,0,1
2694,1,9,2,0.06637495,0,2
2695,1,9,2,0.5633473,0,3
2696,2,9,2,-0.20230918,0,0
2697,2,9,2,-0.21876995,0,1
2698,2,9,2,0.025049025,0,2
2699,2,9,2,-0.7608758,0,3
2700,3,9,2,-3.7461526,0,0
2701,3,9,2,-1.2037249,0,1
2702,3,9,2,0.17611821,0,2
2703,3,9,2,1.1617854,0,3
2704,4,9,2,0.50175124,0,0
2705,4,9,2,0.27541023,0,1
2706,4,9,2,0.49341372,0,2
2707,4,9,2,-0.5015978,0,3
2708,5,9,2,-0.33913556,0,0
2709,5,9,2,-0.22339894,0,1
2710,5,9,2,-0.045238413,0,2
2711,5,9,2,0.48111692,0,3
2712,6,9,2,-0.43573657,0,0
2713,6,9,2,-0.60226434,0,1
2714,6,9,2,0.30502298,0,2
2715,6,9,2,0.68294126,0,3
2716,7,9,2,0.4142359,0,0
2717,7,9,2,0.4161823,0,1
2718,7,9,2,-0.20875303,0,2
2719,7,9,2,-0.5751099,0,3
2720,0,0,3,0,7.926926,0
2721,1,0,3,0,8.046448,0
2722,2,0,3,0,0.02917291,0
2723,3,0,3,0,-12.217455,0
2724,0,1,3,0,7.9635677,0
2725,1,1,3,0,8.215459,0
2726,2,1,3,0,0.09648476,0
2727,3,1,3,0,-12.424301,0
2728,0,2,3,0,7.9473286,0
2729,1,2,3,0,8.5016365,0
2730,2,2,3,0,0.092153504,0
2731,3,2,3,0,-12.630415,0
2732,0,3,3,0,8.053047,0
2733,1,3,3,0,8.580692,0
2734,2,3,3,0,0.12632398,0
2735,3,3,3,0,-12.787553,0
2736,0,4,3,0,8.142411,0
2737,1,4,3,0,8.702223,0
2738,2,4,3,0,0.18268763,0
2739,3,4,3,0,-12.982519,0
2740,0,5,3,0,8.182897,0
2741,1,5,3,0,8.902464,0
2742,2,5,3,0,0.20192732,0
2743,3,5,3,0,-13.17222,0
2744,0,6,3,0,8.272653,0
2745,1,6,3,0,8.963272,0
2746,2,6,3,0,0.25052667,0
2747,3,6,3,0,-13.314452,0
2748,0,7,3,0,8.272254,0
2749,1,7,3,0,9.157022,0
2750,2,7,3,0,0.3050261,0
2751,3,7,3,0,-13.508778,0
2752,0,8,3,0,8.330128,0
2753,1,8,3,0,9.268175,0
2754,2,8,3,0,0.33251786,0
2755,3,8,3,0,-13.654863,0
2756,0,9,3,0,8.361604,0
2757,1,9,3,0,9.358241,0
2758,2,9,3,0,0.42736104,0
2759,3,9,3,0,-13.832007,0
